"album_name","ep","album_release","track_number","track_name","artist","featuring","bonus_track","promotional_release","single_release","track_release","danceability","energy","key","loudness","mode","speechiness","acousticness","instrumentalness","liveness","valence","tempo","time_signature","duration_ms","explicit","key_name","mode_name","key_mode","Streams","log_Streams","binary_streams"
"Taylor Swift",FALSE,2006-10-24,1,"Tim McGraw","Taylor Swift",NA,FALSE,NA,2006-06-19,2006-06-19,0.58,0.491,0,-6.462,1,0.0251,0.575,0,0.121,0.425,76.009,4,232107,FALSE,"C","major","C major",120681144,18.6086624518257,1
"Taylor Swift",FALSE,2006-10-24,2,"Picture To Burn","Taylor Swift",NA,FALSE,NA,2008-02-03,2006-10-24,0.658,0.877,7,-2.098,1,0.0323,0.173,0,0.0962,0.821,105.586,4,173067,FALSE,"G","major","G major",177476212,18.9943471409973,1
"Taylor Swift",FALSE,2006-10-24,3,"Teardrops On My Guitar","Taylor Swift",NA,FALSE,NA,2007-02-19,2006-10-24,0.621,0.417,10,-6.941,1,0.0231,0.288,0,0.119,0.289,99.953,4,203040,FALSE,"A#","major","A# major",201819648,19.1228850248707,1
"Taylor Swift",FALSE,2006-10-24,4,"A Place In This World","Taylor Swift",NA,FALSE,NA,NA,2006-10-24,0.576,0.777,9,-2.881,1,0.0324,0.051,0,0.32,0.428,115.028,4,199200,FALSE,"A","major","A major",38006696,17.4532729126937,0
"Taylor Swift",FALSE,2006-10-24,5,"Cold As You","Taylor Swift",NA,FALSE,NA,NA,2006-10-24,0.418,0.482,5,-5.769,1,0.0266,0.217,0,0.123,0.261,175.558,4,239013,FALSE,"F","major","F major",393555192,19.7907318751985,1
"Taylor Swift",FALSE,2006-10-24,6,"The Outside","Taylor Swift",NA,FALSE,NA,NA,2006-10-24,0.589,0.805,5,-4.055,1,0.0293,0.00491,0,0.24,0.591,112.982,4,207107,FALSE,"F","major","F major",27152957,17.1169965118574,0
"Taylor Swift",FALSE,2006-10-24,7,"Tied Together With A Smile","Taylor Swift",NA,FALSE,NA,NA,2006-10-24,0.479,0.578,2,-4.963,1,0.0294,0.525,0,0.0841,0.192,146.165,4,248107,FALSE,"D","major","D major",30582153,17.2359271614806,0
"Taylor Swift",FALSE,2006-10-24,8,"Stay Beautiful","Taylor Swift",NA,FALSE,NA,NA,2006-10-24,0.594,0.629,8,-4.919,1,0.0246,0.0868,0,0.137,0.504,131.597,4,236053,FALSE,"G#","major","G# major",32159952,17.2862325097366,0
"Taylor Swift",FALSE,2006-10-24,9,"Should've Said No","Taylor Swift",NA,FALSE,NA,2008-05-18,2006-10-24,0.476,0.777,4,-3.771,0,0.0289,0.0103,0,0.196,0.472,167.964,4,242200,FALSE,"E","minor","E minor",111944757,18.5335160665045,1
"Taylor Swift",FALSE,2006-10-24,10,"Mary's Song (Oh My My My)","Taylor Swift",NA,FALSE,NA,NA,2006-10-24,0.403,0.627,2,-5.28,1,0.0292,0.0177,0,0.182,0.374,74.9,4,213080,FALSE,"D","major","D major",41444442,17.5398643412906,0
"Taylor Swift",FALSE,2006-10-24,11,"Our Song","Taylor Swift",NA,FALSE,NA,2007-09-09,2006-10-24,0.668,0.672,2,-4.931,1,0.0303,0.111,0,0.329,0.539,89.011,4,201107,FALSE,"D","major","D major",307657056,19.5444962660413,1
"Taylor Swift",FALSE,2006-10-24,12,"I'm Only Me When I'm With You","Taylor Swift",NA,TRUE,NA,NA,2008-03-18,0.563,0.934,8,-3.629,1,0.0646,0.00452,0.000807,0.103,0.518,143.964,4,213053,FALSE,"G#","major","G# major",46882871,17.6631629428254,0
"Taylor Swift",FALSE,2006-10-24,13,"Invisible","Taylor Swift",NA,TRUE,NA,NA,2008-03-18,0.612,0.394,7,-5.723,1,0.0243,0.637,0,0.147,0.233,96.001,4,203227,FALSE,"G","major","G major",32245922,17.2889021435982,0
"Taylor Swift",FALSE,2006-10-24,14,"A Perfectly Good Heart","Taylor Swift",NA,TRUE,NA,NA,2008-03-18,0.483,0.751,4,-5.726,1,0.0365,0.00349,0,0.128,0.268,156.092,4,220147,FALSE,"E","major","E major",23516670,16.9732200893384,0
"Taylor Swift",FALSE,2006-10-24,15,"Teardrops On My Guitar (Pop Version)","Taylor Swift",NA,TRUE,NA,NA,2008-03-18,0.459,0.753,10,-3.827,1,0.0537,0.0402,0,0.0863,0.483,199.997,4,179067,FALSE,"A#","major","A# major",30572544,17.2356129092465,0
"Fearless",FALSE,2008-11-11,1,"Fearless","Taylor Swift",NA,FALSE,2008-10-14,2010-01-03,2008-10-14,0.598,0.714,5,-4.397,1,0.0273,0.0364,1.04e-06,0.31,0.467,99.979,4,242000,FALSE,"F","major","F major",114156809,18.553083578745,1
"Fearless",FALSE,2008-11-11,2,"Fifteen","Taylor Swift",NA,FALSE,NA,2009-08-30,2008-11-11,0.559,0.636,7,-4.4,1,0.0263,0.0728,0,0.144,0.214,95.485,4,294347,FALSE,"G","major","G major",112324751,18.5369047961364,1
"Fearless",FALSE,2008-11-11,3,"Love Story","Taylor Swift",NA,FALSE,NA,2008-09-12,2008-09-12,0.618,0.736,2,-3.937,1,0.0308,0.157,0,0.073,0.307,118.982,4,235280,FALSE,"D","major","D major",839744760,20.5486085464848,1
"Fearless",FALSE,2008-11-11,4,"Hey Stephen","Taylor Swift",NA,FALSE,NA,NA,2008-11-11,0.843,0.553,6,-7.348,1,0.0317,0.168,2.66e-06,0.107,0.825,115.997,4,254320,FALSE,"F#","major","F# major",48099348,17.6887791798906,0
"Fearless",FALSE,2008-11-11,5,"White Horse","Taylor Swift",NA,FALSE,NA,2008-12-07,2008-11-11,0.585,0.346,0,-8.014,1,0.0256,0.302,0,0.102,0.195,92.564,4,234440,FALSE,"C","major","C major",107857315,18.4963197541832,0
"Fearless",FALSE,2008-11-11,6,"You Belong With Me","Taylor Swift",NA,FALSE,2008-11-04,2009-04-18,2008-11-04,0.687,0.771,6,-4.424,1,0.0384,0.164,2.46e-05,0.112,0.445,129.964,4,231147,FALSE,"F#","major","F# major",607923068,20.2255588990297,1
"Fearless",FALSE,2008-11-11,7,"Breathe","Taylor Swift","Colbie Caillat",FALSE,2008-10-21,NA,2008-10-21,0.498,0.486,1,-7.384,1,0.0273,0.373,0,0.113,0.17,147.952,4,263987,FALSE,"C#","major","C# major",67075537,18.0213299602074,0
"Fearless",FALSE,2008-11-11,8,"Tell Me Why","Taylor Swift",NA,FALSE,NA,NA,2008-11-11,0.601,0.852,7,-3.096,1,0.0386,0.0606,3.41e-06,0.37,0.513,100.015,4,200560,FALSE,"G","major","G major",30676668,17.239012923611,0
"Fearless",FALSE,2008-11-11,9,"You're Not Sorry","Taylor Swift",NA,FALSE,2008-10-28,NA,2008-10-28,0.459,0.459,6,-4.126,1,0.0275,0.13,2.3e-06,0.113,0.281,134.018,4,261800,FALSE,"F#","major","F# major",45283757,17.628458961032,0
"Fearless",FALSE,2008-11-11,10,"The Way I Loved You","Taylor Swift",NA,FALSE,NA,NA,2008-11-11,0.436,0.712,5,-3.689,1,0.0329,0.0322,0,0.111,0.379,160.886,4,244240,FALSE,"F","major","F major",68235800,18.0384799117741,0
"Fearless",FALSE,2008-11-11,11,"Forever & Always","Taylor Swift",NA,FALSE,NA,NA,2008-11-11,0.605,0.829,10,-4.993,1,0.0549,0.0907,0,0.106,0.514,128.012,4,225333,FALSE,"A#","major","A# major",52528575,17.7768678652064,0
"Fearless",FALSE,2008-11-11,12,"The Best Day","Taylor Swift",NA,FALSE,NA,NA,2008-11-11,0.664,0.447,1,-8.535,1,0.0292,0.611,1e-06,0.139,0.364,126.079,4,245347,FALSE,"C#","major","C# major",38744030,17.4724872373783,0
"Fearless",FALSE,2008-11-11,13,"Change","Taylor Swift",NA,FALSE,2008-08-08,NA,2008-08-08,0.548,0.756,5,-4.175,1,0.036,0.00471,0,0.117,0.224,96.038,4,281053,FALSE,"F","major","F major",26360809,17.0873889575677,0
"Fearless",FALSE,2008-11-11,14,"Jump Then Fall","Taylor Swift",NA,TRUE,NA,NA,2009-10-26,0.618,0.687,2,-5.737,1,0.0271,0.111,0,0.0693,0.82,79.991,4,237067,FALSE,"D","major","D major",24913357,17.0309146433129,0
"Fearless",FALSE,2008-11-11,15,"Untouchable","Taylor Swift",NA,TRUE,NA,NA,2009-10-26,0.419,0.454,5,-6.809,1,0.0335,0.0583,3.78e-06,0.0974,0.288,200.017,4,311040,FALSE,"F","major","F major",22122687,16.9121142010205,0
"Fearless",FALSE,2008-11-11,16,"Forever & Always (Piano Version)","Taylor Swift",NA,TRUE,NA,NA,2009-10-26,0.592,0.16,9,-10.785,1,0.0347,0.852,0,0.116,0.294,118.929,4,267507,FALSE,"A","major","A major",26726100,17.1011511739909,0
"Fearless",FALSE,2008-11-11,17,"Come In With The Rain","Taylor Swift",NA,TRUE,NA,NA,2009-10-26,0.527,0.475,2,-6.205,1,0.0258,0.0868,4.34e-06,0.248,0.224,143.962,4,238107,FALSE,"D","major","D major",16360926,16.6104064890041,0
"Fearless",FALSE,2008-11-11,18,"SuperStar","Taylor Swift",NA,TRUE,NA,NA,2009-10-26,0.61,0.531,2,-6.123,1,0.0239,0.367,0,0.351,0.228,85.979,4,261453,FALSE,"D","major","D major",13485429,16.4171203271756,0
"Fearless",FALSE,2008-11-11,19,"The Other Side Of The Door","Taylor Swift",NA,TRUE,NA,NA,2009-10-26,0.476,0.816,4,-4.279,1,0.0347,0.169,0,0.238,0.469,163.847,4,237600,FALSE,"E","major","E major",14594796,16.4961755847831,0
"Fearless (Taylor's Version)",FALSE,2021-04-09,1,"Fearless (Taylor's Version)","Taylor Swift",NA,FALSE,NA,NA,2021-04-09,0.569,0.741,5,-4.963,1,0.0282,0.0122,0,0.333,0.43,100.118,4,241592,FALSE,"F","major","F major",242744567,19.3075202838348,1
"Fearless (Taylor's Version)",FALSE,2021-04-09,2,"Fifteen (Taylor's Version)","Taylor Swift",NA,FALSE,NA,NA,2021-04-09,0.559,0.646,7,-4.61,1,0.0272,0.116,0,0.32,0.289,95.466,4,294419,FALSE,"G","major","G major",90429706,18.3200833775779,0
"Fearless (Taylor's Version)",FALSE,2021-04-09,3,"Love Story (Taylor's Version)","Taylor Swift",NA,FALSE,NA,2021-02-12,2021-02-12,0.627,0.792,2,-4.311,1,0.031,0.13,3.97e-06,0.0845,0.415,119.054,4,235767,FALSE,"D","major","D major",642874800,20.2814605509568,1
"Fearless (Taylor's Version)",FALSE,2021-04-09,4,"Hey Stephen (Taylor's Version)","Taylor Swift",NA,FALSE,NA,NA,2021-04-09,0.788,0.571,6,-6.135,1,0.0296,0.106,0,0.0934,0.797,115.99,4,254255,FALSE,"F#","major","F# major",80554113,18.2044397277362,0
"Fearless (Taylor's Version)",FALSE,2021-04-09,5,"White Horse (Taylor's Version)","Taylor Swift",NA,FALSE,NA,NA,2021-04-09,0.423,0.517,0,-7.377,1,0.0486,0.369,0,0.177,0.366,185.262,4,234516,FALSE,"C","major","C major",85751097,18.2669594369314,0
"Fearless (Taylor's Version)",FALSE,2021-04-09,6,"You Belong With Me (Taylor's Version)","Taylor Swift",NA,FALSE,NA,NA,2021-04-09,0.632,0.773,6,-4.856,1,0.0346,0.0623,0,0.0885,0.474,130.033,4,231124,FALSE,"F#","major","F# major",554449538,20.133486356105,1
"Fearless (Taylor's Version)",FALSE,2021-04-09,7,"Breathe (Taylor's Version)","Taylor Swift","Colbie Caillat",FALSE,NA,NA,2021-04-09,0.506,0.626,1,-6.066,1,0.0287,0.156,0,0.228,0.321,148.035,4,263377,FALSE,"C#","major","C# major",60331549,17.915365725539,0
"Fearless (Taylor's Version)",FALSE,2021-04-09,8,"Tell Me Why (Taylor's Version)","Taylor Swift",NA,FALSE,NA,NA,2021-04-09,0.578,0.909,7,-3.669,1,0.0628,0.0222,0,0.333,0.541,100.023,4,200576,FALSE,"G","major","G major",51745577,17.7618495178581,0
"Fearless (Taylor's Version)",FALSE,2021-04-09,9,"You're Not Sorry (Taylor's Version)","Taylor Swift",NA,FALSE,NA,NA,2021-04-09,0.506,0.444,6,-4.99,1,0.0285,0.0538,0,0.123,0.241,133.873,4,261843,FALSE,"F#","major","F# major",64918203,17.9886386200057,0
"Fearless (Taylor's Version)",FALSE,2021-04-09,10,"The Way I Loved You (Taylor's Version)","Taylor Swift",NA,FALSE,NA,NA,2021-04-09,0.402,0.732,5,-4.665,1,0.0484,0.0033,0,0.108,0.472,161.032,4,243137,FALSE,"F","major","F major",372522117,19.7358069685179,1
"Fearless (Taylor's Version)",FALSE,2021-04-09,11,"Forever & Always (Taylor's Version)","Taylor Swift",NA,FALSE,NA,NA,2021-04-09,0.598,0.821,10,-4.433,1,0.0447,0.0231,0,0.143,0.673,128.03,4,225328,FALSE,"A#","major","A# major",99531508,18.4159848153182,0
"Fearless (Taylor's Version)",FALSE,2021-04-09,12,"The Best Day (Taylor's Version)","Taylor Swift",NA,FALSE,NA,NA,2021-04-09,0.642,0.576,1,-8.524,1,0.0282,0.488,0,0.159,0.469,125,4,245290,FALSE,"C#","major","C# major",47007427,17.6658161684669,0
"Fearless (Taylor's Version)",FALSE,2021-04-09,13,"Change (Taylor's Version)","Taylor Swift",NA,FALSE,NA,NA,2021-04-09,0.499,0.815,5,-4.063,1,0.0341,0.000191,0,0.181,0.344,95.999,4,279360,FALSE,"F","major","F major",40393013,17.51416738243,0
"Fearless (Taylor's Version)",FALSE,2021-04-09,14,"Jump Then Fall (Taylor's Version)","Taylor Swift",NA,FALSE,NA,NA,2021-04-09,0.572,0.69,2,-6.201,1,0.0358,0.0474,0,0.0897,0.624,160.111,4,237580,FALSE,"D","major","D major",50309638,17.733707227053,0
"Fearless (Taylor's Version)",FALSE,2021-04-09,15,"Untouchable (Taylor's Version)","Taylor Swift",NA,FALSE,NA,NA,2021-04-09,0.393,0.531,5,-6.112,1,0.0329,0.0181,0,0.169,0.224,200.391,4,312107,FALSE,"F","major","F major",50849541,17.7443816538694,0
"Fearless (Taylor's Version)",FALSE,2021-04-09,16,"Forever & Always (Piano Version) [Taylor's Version]","Taylor Swift",NA,FALSE,NA,NA,2021-04-09,0.546,0.273,9,-9.208,1,0.0308,0.819,0,0.137,0.271,118.753,4,267833,FALSE,"A","major","A major",46847438,17.662406879988,0
"Fearless (Taylor's Version)",FALSE,2021-04-09,17,"Come In With The Rain (Taylor's Version)","Taylor Swift",NA,FALSE,NA,NA,2021-04-09,0.476,0.564,2,-5.677,1,0.0269,0.0406,0,0.102,0.167,143.929,4,237339,FALSE,"D","major","D major",36709406,17.418543574465,0
"Fearless (Taylor's Version)",FALSE,2021-04-09,18,"SuperStar (Taylor's Version)","Taylor Swift",NA,FALSE,NA,NA,2021-04-09,0.454,0.555,2,-6.69,1,0.0283,0.157,0,0.343,0.171,171.862,4,263865,FALSE,"D","major","D major",33064626,17.3139745679729,0
"Fearless (Taylor's Version)",FALSE,2021-04-09,19,"The Other Side Of The Door (Taylor's Version)","Taylor Swift",NA,FALSE,NA,NA,2021-04-09,0.432,0.873,4,-4.367,1,0.0577,0.0279,0,0.167,0.629,163.936,4,238444,FALSE,"E","major","E major",63990782,17.9742495997004,0
"Fearless (Taylor's Version)",FALSE,2021-04-09,20,"Today Was A Fairytale (Taylor's Version)","Taylor Swift",NA,FALSE,NA,NA,2021-04-09,0.482,0.779,7,-5.025,1,0.0409,0.0135,0,0.296,0.328,158.162,4,241822,FALSE,"G","major","G major",47992191,17.6865488681371,0
"Fearless (Taylor's Version)",FALSE,2021-04-09,21,"You All Over Me (Taylor's Version) [From The Vault]","Taylor Swift","Maren Morris",FALSE,2021-03-26,NA,2021-03-26,0.599,0.494,2,-7.61,1,0.0372,0.816,0,0.101,0.44,142.893,4,220839,FALSE,"D","major","D major",104232029,18.4621300200904,0
"Fearless (Taylor's Version)",FALSE,2021-04-09,22,"Mr. Perfectly Fine (Taylor's Version) [From The Vault]","Taylor Swift",NA,FALSE,2021-04-07,NA,2021-04-07,0.66,0.817,11,-6.269,0,0.0521,0.162,0,0.0667,0.714,135.942,4,277592,FALSE,"B","minor","B minor",338943982,19.6413454068525,1
"Fearless (Taylor's Version)",FALSE,2021-04-09,23,"We Were Happy (Taylor's Version) [From The Vault]","Taylor Swift",NA,FALSE,NA,NA,2021-04-09,0.609,0.373,0,-8.819,1,0.0263,0.849,0,0.0779,0.13,106.007,4,244237,FALSE,"C","major","C major",54201297,17.8082153960129,0
"Fearless (Taylor's Version)",FALSE,2021-04-09,24,"That's When (Taylor's Version) [From The Vault]","Taylor Swift","Keith Urban",FALSE,NA,NA,2021-04-09,0.588,0.608,5,-7.062,1,0.0365,0.225,0,0.092,0.508,90.201,4,189496,FALSE,"F","major","F major",71648351,18.087280697319,0
"Fearless (Taylor's Version)",FALSE,2021-04-09,25,"Don't You (Taylor's Version) [From The Vault]","Taylor Swift",NA,FALSE,NA,NA,2021-04-09,0.563,0.473,3,-11.548,1,0.0503,0.514,1.2e-05,0.109,0.405,101.934,4,208609,FALSE,"D#","major","D# major",64098942,17.9759384162945,0
"Fearless (Taylor's Version)",FALSE,2021-04-09,26,"Bye Bye Baby (Taylor's Version) [From The Vault]","Taylor Swift",NA,FALSE,NA,NA,2021-04-09,0.624,0.624,5,-7.86,1,0.0539,0.334,0,0.0995,0.527,80.132,4,242158,FALSE,"F","major","F major",50410737,17.735714746067,0
"Speak Now",FALSE,2010-10-25,1,"Mine","Taylor Swift",NA,FALSE,NA,2010-08-04,2010-08-04,0.624,0.757,7,-2.94,1,0.0296,0.00265,1.87e-06,0.189,0.658,121.07,4,230707,FALSE,"G","major","G major",216622266,19.1936656850318,1
"Speak Now",FALSE,2010-10-25,2,"Sparks Fly","Taylor Swift",NA,FALSE,NA,2011-07-18,2010-10-25,0.605,0.787,5,-3.002,1,0.0308,0.0396,1.42e-06,0.163,0.374,114.987,4,260933,FALSE,"F","major","F major",176533939,18.9890237048043,1
"Speak Now",FALSE,2010-10-25,3,"Back To December","Taylor Swift",NA,FALSE,2010-10-11,2010-11-15,2010-10-11,0.529,0.67,2,-4.663,1,0.0303,0.117,0,0.334,0.286,141.893,4,293027,FALSE,"D","major","D major",375695596,19.7442897883568,1
"Speak Now",FALSE,2010-10-25,4,"Speak Now","Taylor Swift",NA,FALSE,2010-10-04,NA,2010-10-04,0.709,0.599,7,-3.734,1,0.0304,0.095,0,0.0973,0.735,118.975,4,240760,FALSE,"G","major","G major",140422062,18.7601631739634,1
"Speak Now",FALSE,2010-10-25,5,"Dear John","Taylor Swift",NA,FALSE,NA,NA,2010-10-25,0.589,0.47,4,-5.32,1,0.028,0.166,1.45e-06,0.112,0.102,119.386,3,403920,FALSE,"E","major","E major",138694598,18.7477849371582,1
"Speak Now",FALSE,2010-10-25,6,"Mean","Taylor Swift",NA,FALSE,2010-10-18,2011-03-13,2010-10-18,0.568,0.761,4,-3.987,1,0.0459,0.452,0,0.217,0.789,163.974,4,237733,FALSE,"E","major","E major",222507257,19.220470274769,1
"Speak Now",FALSE,2010-10-25,7,"The Story Of Us","Taylor Swift",NA,FALSE,NA,2011-04-19,2010-10-25,0.543,0.818,4,-3.611,1,0.0398,0.00478,0.000368,0.0357,0.683,139.898,4,265667,FALSE,"E","major","E major",149240409,18.8210690468656,1
"Speak Now",FALSE,2010-10-25,8,"Never Grow Up","Taylor Swift",NA,FALSE,NA,NA,2010-10-25,0.714,0.305,2,-8.837,1,0.0305,0.819,0,0.174,0.554,124.91,4,290467,FALSE,"D","major","D major",83127466,18.2358857226657,0
"Speak Now",FALSE,2010-10-25,9,"Enchanted","Taylor Swift",NA,FALSE,NA,NA,2010-10-25,0.455,0.623,8,-3.878,1,0.0288,0.0739,0.000424,0.146,0.208,163.893,4,352187,FALSE,"G#","major","G# major",755265586,20.4425800148933,1
"Speak Now",FALSE,2010-10-25,10,"Better Than Revenge","Taylor Swift",NA,FALSE,NA,NA,2010-10-25,0.516,0.917,11,-3.186,0,0.0827,0.0139,6.37e-06,0.36,0.635,145.821,4,217160,FALSE,"B","minor","B minor",185784783,19.0400994810977,1
"Speak Now",FALSE,2010-10-25,11,"Innocent","Taylor Swift",NA,FALSE,NA,NA,2010-10-25,0.552,0.608,1,-5.29,0,0.0259,0.186,0,0.125,0.17,134.05,4,302253,FALSE,"C#","minor","C# minor",51036807,17.7480576362665,0
"Speak Now",FALSE,2010-10-25,12,"Haunted","Taylor Swift",NA,FALSE,NA,NA,2010-10-25,0.436,0.95,5,-2.627,1,0.057,0.0826,1.08e-06,0.149,0.352,162.088,4,242080,FALSE,"F","major","F major",100252218,18.4231997485945,0
"Speak Now",FALSE,2010-10-25,13,"Last Kiss","Taylor Swift",NA,FALSE,NA,NA,2010-10-25,0.371,0.341,10,-9.475,1,0.0319,0.57,3.09e-05,0.101,0.196,89.038,1,367133,FALSE,"A#","major","A# major",120077288,18.6036461600911,1
"Speak Now",FALSE,2010-10-25,14,"Long Live","Taylor Swift",NA,FALSE,NA,NA,2010-10-25,0.418,0.68,7,-4.3,1,0.0347,0.036,7.59e-05,0.114,0.142,204.12,4,317453,FALSE,"G","major","G major",97483745,18.3951962041204,0
"Speak Now",FALSE,2010-10-25,15,"Ours","Taylor Swift",NA,TRUE,NA,2011-11-22,2010-10-25,0.608,0.569,0,-7.227,1,0.0284,0.537,0,0.097,0.238,159.845,4,237920,FALSE,"C","major","C major",70337971,18.068822338987,0
"Speak Now",FALSE,2010-10-25,16,"If This Was A Movie","Taylor Swift",NA,TRUE,2010-11-08,NA,2010-10-25,0.511,0.719,4,-3.457,1,0.0265,0.166,4.54e-06,0.34,0.289,147.852,4,234547,FALSE,"E","major","E major",42824112,17.5726118664078,0
"Speak Now",FALSE,2010-10-25,17,"Superman","Taylor Swift",NA,TRUE,2010-11-08,NA,2010-10-25,0.582,0.765,7,-3.648,1,0.0324,0.0268,1.95e-06,0.103,0.559,131.982,4,275960,FALSE,"G","major","G major",25172244,17.041252516892,0
"Speak Now (Taylor's Version)",FALSE,2023-07-07,1,"Mine (Taylor's Version)","Taylor Swift",NA,FALSE,NA,NA,2023-07-07,0.646,0.783,7,-2.846,1,0.0356,0.00444,1.38e-06,0.171,0.49,121.08,4,231707,FALSE,"G","major","G major",137598364,18.739849593858,1
"Speak Now (Taylor's Version)",FALSE,2023-07-07,2,"Sparks Fly (Taylor's Version)","Taylor Swift",NA,FALSE,NA,NA,2023-07-07,0.588,0.758,5,-2.347,1,0.0305,0.0251,0,0.131,0.387,114.991,4,261231,FALSE,"F","major","F major",96288640,18.3828609051163,0
"Speak Now (Taylor's Version)",FALSE,2023-07-07,3,"Back To December (Taylor's Version)","Taylor Swift",NA,FALSE,NA,NA,2023-07-07,0.497,0.635,2,-3.927,1,0.0273,0.00621,0,0.117,0.203,142.063,4,294190,FALSE,"D","major","D major",154712290,18.8570777564731,1
"Speak Now (Taylor's Version)",FALSE,2023-07-07,4,"Speak Now (Taylor's Version)","Taylor Swift",NA,FALSE,NA,NA,2023-07-07,0.727,0.677,7,-2.871,1,0.0325,0.248,0,0.143,0.639,118.995,4,242473,FALSE,"G","major","G major",84439221,18.2515425554163,0
"Speak Now (Taylor's Version)",FALSE,2023-07-07,5,"Dear John (Taylor's Version)","Taylor Swift",NA,FALSE,NA,NA,2023-07-07,0.419,0.47,4,-5.016,1,0.0296,0.0236,0,0.163,0.133,119.294,3,405907,FALSE,"E","major","E major",86658091,18.2774809454158,0
"Speak Now (Taylor's Version)",FALSE,2023-07-07,6,"Mean (Taylor's Version)","Taylor Swift",NA,FALSE,NA,NA,2023-07-07,0.524,0.692,4,-3.866,1,0.0369,0.311,0,0.192,0.621,163.874,4,238693,FALSE,"E","major","E major",78879153,18.1834275303714,0
"Speak Now (Taylor's Version)",FALSE,2023-07-07,7,"The Story Of Us (Taylor's Version)","Taylor Swift",NA,FALSE,NA,NA,2023-07-07,0.515,0.781,4,-2.608,1,0.0535,0.00192,0,0.054,0.57,139.846,4,267653,FALSE,"E","major","E major",77593542,18.1669947600409,0
"Speak Now (Taylor's Version)",FALSE,2023-07-07,8,"Never Grow Up (Taylor's Version)","Taylor Swift",NA,FALSE,NA,NA,2023-07-07,0.685,0.323,2,-7.103,1,0.0289,0.851,0,0.198,0.569,125.058,4,292920,FALSE,"D","major","D major",46524427,17.6554880444576,0
"Speak Now (Taylor's Version)",FALSE,2023-07-07,9,"Enchanted (Taylor's Version)","Taylor Swift",NA,FALSE,NA,NA,2023-07-07,0.505,0.532,8,-3.526,1,0.0265,0.012,0,0.149,0.216,81.907,4,353253,FALSE,"G#","major","G# major",210044452,19.162829742472,1
"Speak Now (Taylor's Version)",FALSE,2023-07-07,10,"Better Than Revenge (Taylor's Version)","Taylor Swift",NA,FALSE,NA,NA,2023-07-07,0.496,0.885,11,-2.969,0,0.0803,0.000886,0,0.191,0.665,145.863,4,220307,FALSE,"B","minor","B minor",102713874,18.4474577582771,0
"Speak Now (Taylor's Version)",FALSE,2023-07-07,11,"Innocent (Taylor's Version)","Taylor Swift",NA,FALSE,NA,NA,2023-07-07,0.522,0.598,1,-5.327,0,0.0284,0.101,0,0.152,0.149,133.627,4,301222,FALSE,"C#","minor","C# minor",39370922,17.4885380814925,0
"Speak Now (Taylor's Version)",FALSE,2023-07-07,12,"Haunted (Taylor's Version)","Taylor Swift",NA,FALSE,NA,NA,2023-07-07,0.427,0.915,5,-1.909,1,0.0619,0.00667,0,0.221,0.355,162.201,4,245413,FALSE,"F","major","F major",62365463,17.9485222025503,0
"Speak Now (Taylor's Version)",FALSE,2023-07-07,13,"Last Kiss (Taylor's Version)","Taylor Swift",NA,FALSE,NA,NA,2023-07-07,0.55,0.366,10,-8.46,1,0.0276,0.447,4.43e-06,0.101,0.16,79.401,3,369120,FALSE,"A#","major","A# major",62246155,17.9466073243332,0
"Speak Now (Taylor's Version)",FALSE,2023-07-07,14,"Long Live (Taylor's Version)","Taylor Swift",NA,FALSE,NA,NA,2023-07-07,0.375,0.65,0,-4.031,1,0.0402,0.0122,0,0.189,0.0752,203.89,4,317960,FALSE,"C","major","C major",96599305,18.3860821045399,0
"Speak Now (Taylor's Version)",FALSE,2023-07-07,15,"Ours (Taylor's Version)","Taylor Swift",NA,FALSE,NA,NA,2023-07-07,0.535,0.488,0,-8.261,1,0.0278,0.449,0,0.111,0.348,159.813,4,235803,FALSE,"C","major","C major",44063949,17.6011525231024,0
"Speak Now (Taylor's Version)",FALSE,2023-07-07,16,"Superman (Taylor's Version)","Taylor Swift",NA,FALSE,NA,NA,2023-07-07,0.533,0.742,7,-3.473,1,0.0303,0.0031,0,0.108,0.356,131.93,4,274945,FALSE,"G","major","G major",33190443,17.3177725310009,0
"Speak Now (Taylor's Version)",FALSE,2023-07-07,17,"Electric Touch (Taylor's Version) [From The Vault]","Taylor Swift","Fall Out Boy",FALSE,NA,NA,2023-07-07,0.547,0.855,7,-4.7,1,0.0597,0.0164,0,0.144,0.282,131.073,4,266467,FALSE,"G","major","G major",70412269,18.0698780815122,0
"Speak Now (Taylor's Version)",FALSE,2023-07-07,18,"When Emma Falls In Love (Taylor's Version) [From The Vault]","Taylor Swift",NA,FALSE,NA,NA,2023-07-07,0.474,0.763,2,-4.632,1,0.0505,0.159,0,0.138,0.231,78.133,4,252386,FALSE,"D","major","D major",67928411,18.0339649291671,0
"Speak Now (Taylor's Version)",FALSE,2023-07-07,19,"I Can See You (Taylor's Version) [From The Vault]","Taylor Swift",NA,FALSE,NA,NA,2023-07-07,0.694,0.764,6,-4.893,1,0.0337,0.0586,0,0.0608,0.819,123.044,4,273186,FALSE,"F#","major","F# major",209477724,19.1601279623175,1
"Speak Now (Taylor's Version)",FALSE,2023-07-07,20,"Castles Crumbling (Taylor's Version) [From The Vault]","Taylor Swift","Hayley Williams",FALSE,NA,NA,2023-07-07,0.576,0.57,7,-7.925,1,0.0434,0.362,0,0.0668,0.378,147.803,4,306062,FALSE,"G","major","G major",69169962,18.0520772512055,0
"Speak Now (Taylor's Version)",FALSE,2023-07-07,21,"Foolish One (Taylor's Version) [From The Vault]","Taylor Swift",NA,FALSE,NA,NA,2023-07-07,0.671,0.588,7,-4.675,1,0.0299,0.617,0,0.111,0.543,96.965,4,311765,FALSE,"G","major","G major",73751551,18.1162125834715,0
"Speak Now (Taylor's Version)",FALSE,2023-07-07,22,"Timeless (Taylor's Version) [From The Vault]","Taylor Swift",NA,FALSE,NA,NA,2023-07-07,0.624,0.585,3,-5.847,1,0.0328,0.3,0,0.0916,0.65,142.883,4,321397,FALSE,"D#","major","D# major",68510110,18.0424918835828,0
"Red",FALSE,2012-10-22,1,"State Of Grace","Taylor Swift",NA,FALSE,2012-10-16,NA,2012-10-16,0.588,0.825,4,-5.882,1,0.0328,0.000197,0.00138,0.0885,0.397,129.968,4,295187,FALSE,"E","major","E major",60185233,17.912937581185,0
"Red",FALSE,2012-10-22,2,"Red","Taylor Swift",NA,FALSE,2012-10-02,2013-06-21,2012-10-02,0.602,0.896,1,-4.267,0,0.0437,0.0773,8.87e-05,0.091,0.641,124.978,4,220827,FALSE,"C#","minor","C# minor",246645932,19.3234643925017,1
"Red",FALSE,2012-10-22,3,"Treacherous","Taylor Swift",NA,FALSE,NA,NA,2012-10-22,0.705,0.621,2,-8.086,1,0.0334,0.101,4.3e-06,0.147,0.395,109.993,4,240773,FALSE,"D","major","D major",54474537,17.8132439394472,0
"Red",FALSE,2012-10-22,4,"I Knew You Were Trouble","Taylor Swift",NA,FALSE,NA,NA,2012-10-22,0.622,0.469,3,-6.798,0,0.0363,0.00454,2.25e-06,0.0398,0.679,77.019,4,217973,FALSE,"D#","minor","D# minor",784032106,20.4799605290068,1
"Red",FALSE,2012-10-22,5,"All Too Well","Taylor Swift",NA,FALSE,NA,NA,2012-10-22,0.602,0.609,0,-7.803,1,0.0243,0.0382,2e-04,0.127,0.337,93.06,4,327893,FALSE,"C","major","C major",241173542,19.3010273235999,1
"Red",FALSE,2012-10-22,6,"22","Taylor Swift",NA,FALSE,NA,2013-03-12,2012-10-22,0.658,0.729,7,-6.561,1,0.0378,0.00215,0.0013,0.0752,0.668,104.007,4,230133,FALSE,"G","major","G major",372594988,19.7360025646189,1
"Red",FALSE,2012-10-22,7,"I Almost Do","Taylor Swift",NA,FALSE,NA,NA,2012-10-22,0.567,0.481,4,-7.357,1,0.027,0.0173,4.13e-05,0.182,0.233,145.865,4,242573,FALSE,"E","major","E major",61283829,17.931026565126,0
"Red",FALSE,2012-10-22,8,"We Are Never Ever Getting Back Together","Taylor Swift",NA,FALSE,NA,2012-08-13,2012-08-13,0.628,0.676,7,-5.911,1,0.0916,0.00957,2.65e-05,0.102,0.75,85.984,4,191880,FALSE,"G","major","G major",640769212,20.2781799063719,1
"Red",FALSE,2012-10-22,9,"Stay Stay Stay","Taylor Swift",NA,FALSE,NA,NA,2012-10-22,0.729,0.748,0,-6.67,1,0.0245,0.307,1.29e-06,0.09,0.928,99.981,4,204827,FALSE,"C","major","C major",56534725,17.8503656090963,0
"Red",FALSE,2012-10-22,10,"The Last Time","Taylor Swift","Gary Lightbody",FALSE,NA,2013-11-04,2012-10-22,0.505,0.443,2,-7.039,1,0.0276,0.035,3.15e-06,0.0921,0.123,94.069,4,298293,FALSE,"D","major","D major",65603684,17.9991424108741,0
"Red",FALSE,2012-10-22,11,"Holy Ground","Taylor Swift",NA,FALSE,NA,NA,2012-10-22,0.627,0.816,4,-6.698,1,0.0774,0.0162,0.00208,0.0966,0.648,157.043,4,201853,FALSE,"E","major","E major",53575303,17.7965987549309,0
"Red",FALSE,2012-10-22,12,"Sad Beautiful Tragic","Taylor Swift",NA,FALSE,NA,NA,2012-10-22,0.624,0.34,7,-12.411,1,0.029,0.632,0.0337,0.121,0.261,129.987,3,283680,FALSE,"G","major","G major",39204272,17.4842962784147,0
"Red",FALSE,2012-10-22,13,"The Lucky One","Taylor Swift",NA,FALSE,NA,NA,2012-10-22,0.706,0.499,4,-7.675,1,0.0369,0.0371,0,0.132,0.545,117.937,4,240133,FALSE,"E","major","E major",43261910,17.5827831291558,0
"Red",FALSE,2012-10-22,14,"Everything Has Changed","Taylor Swift","Ed Sheeran",FALSE,NA,2013-07-16,2012-10-22,0.624,0.458,6,-6.755,1,0.0287,0.36,3.89e-06,0.303,0.436,80.017,4,243933,FALSE,"F#","major","F# major",267564922,19.4048727939191,1
"Red",FALSE,2012-10-22,15,"Starlight","Taylor Swift",NA,FALSE,NA,NA,2012-10-22,0.649,0.777,9,-5.804,1,0.0406,0.0213,0.000335,0.221,0.587,126.018,4,217827,FALSE,"A","major","A major",42901025,17.5744062763867,0
"Red",FALSE,2012-10-22,16,"Begin Again","Taylor Swift",NA,FALSE,2012-09-25,2012-10-01,2012-09-25,0.53,0.526,7,-8.349,1,0.0263,0.199,3.52e-06,0.232,0.323,79.025,4,237613,FALSE,"G","major","G major",123730013,18.6336124352576,1
"Red",FALSE,2012-10-22,17,"The Moment I Knew","Taylor Swift",NA,TRUE,NA,NA,2012-10-22,0.62,0.506,7,-7.327,1,0.0312,0.187,1.47e-05,0.102,0.275,126.015,4,285560,FALSE,"G","major","G major",31632535,17.2696967375019,0
"Red",FALSE,2012-10-22,18,"Come Back...Be Here","Taylor Swift",NA,TRUE,NA,NA,2012-10-22,0.483,0.548,4,-6.291,1,0.0254,0.00471,2.01e-06,0.0997,0.217,79.926,4,222707,FALSE,"E","major","E major",41752633,17.5472730731408,0
"Red",FALSE,2012-10-22,19,"Girl At Home","Taylor Swift",NA,TRUE,NA,NA,2012-10-22,0.733,0.59,5,-5.86,1,0.0284,0.272,0,0.136,0.633,125.048,4,220320,FALSE,"F","major","F major",22737389,16.9395212199934,0
"Red",FALSE,2012-10-22,20,"Treacherous (Original Demo Recording)","Taylor Swift",NA,TRUE,NA,NA,2012-10-22,0.828,0.64,2,-8.248,1,0.0355,0.175,6.14e-05,0.0996,0.519,109.993,4,239720,FALSE,"D","major","D major",16410445,16.6134285803098,0
"Red",FALSE,2012-10-22,21,"Red (Original Demo Recording)","Taylor Swift",NA,TRUE,NA,NA,2012-10-22,0.678,0.902,1,-4.659,0,0.0358,0.113,0.000235,0.0722,0.637,124.998,4,226280,FALSE,"C#","minor","C# minor",17361810,16.6697835244343,0
"Red",FALSE,2012-10-22,22,"State Of Grace (Acoustic Version)","Taylor Swift",NA,TRUE,NA,NA,2012-10-22,0.626,0.118,7,-15.91,1,0.0305,0.664,0.000169,0.127,0.0682,105.597,4,323080,FALSE,"G","major","G major",23578304,16.9758375251263,0
"Red (Taylor's Version)",FALSE,2021-11-12,1,"State Of Grace (Taylor's Version)","Taylor Swift",NA,FALSE,NA,NA,2021-11-12,0.594,0.713,9,-5.314,1,0.0503,0.000328,0,0.114,0.328,129.958,4,295413,FALSE,"A","major","A major",112739959,18.540594476949,1
"Red (Taylor's Version)",FALSE,2021-11-12,2,"Red (Taylor's Version)","Taylor Swift",NA,FALSE,NA,NA,2021-11-12,0.516,0.777,1,-4.908,0,0.0375,0.00108,1.62e-06,0.0761,0.408,125.047,4,223093,FALSE,"C#","minor","C# minor",255300904,19.3579534231377,1
"Red (Taylor's Version)",FALSE,2021-11-12,3,"Treacherous (Taylor's Version)","Taylor Swift",NA,FALSE,NA,NA,2021-11-12,0.645,0.593,2,-6.506,1,0.0288,0.0344,0.000127,0.13,0.299,109.984,4,242720,FALSE,"D","major","D major",100677120,18.4274291223395,0
"Red (Taylor's Version)",FALSE,2021-11-12,4,"I Knew You Were Trouble (Taylor's Version)","Taylor Swift",NA,FALSE,NA,NA,2021-11-12,0.584,0.557,6,-6.371,1,0.0342,0.0129,0,0.0576,0.767,154.008,4,219760,FALSE,"F#","major","F# major",296807428,19.5085940958985,1
"Red (Taylor's Version)",FALSE,2021-11-12,5,"All Too Well (Taylor's Version)","Taylor Swift",NA,FALSE,NA,NA,2021-11-12,0.44,0.528,0,-7.809,1,0.0317,0.0171,0.00203,0.234,0.132,185.972,4,329160,FALSE,"C","major","C major",233770103,19.2698487245741,1
"Red (Taylor's Version)",FALSE,2021-11-12,6,"22 (Taylor's Version)","Taylor Swift",NA,FALSE,NA,NA,2021-11-12,0.642,0.695,7,-5.62,1,0.0281,0.000443,1.02e-05,0.0753,0.642,103.984,4,230960,FALSE,"G","major","G major",236644107,19.2820679122528,1
"Red (Taylor's Version)",FALSE,2021-11-12,7,"I Almost Do (Taylor's Version)","Taylor Swift",NA,FALSE,NA,NA,2021-11-12,0.511,0.559,4,-6.587,1,0.0264,0.0167,0,0.113,0.248,145.88,4,244587,FALSE,"E","major","E major",83996319,18.2462835344188,0
"Red (Taylor's Version)",FALSE,2021-11-12,8,"We Are Never Ever Getting Back Together (Taylor's Version)","Taylor Swift",NA,FALSE,NA,NA,2021-11-12,0.567,0.686,7,-6.139,1,0.175,0.0317,1.86e-06,0.0732,0.716,172.014,4,193147,FALSE,"G","major","G major",281840712,19.4568526182501,1
"Red (Taylor's Version)",FALSE,2021-11-12,9,"Stay Stay Stay (Taylor's Version)","Taylor Swift",NA,FALSE,NA,NA,2021-11-12,0.693,0.681,0,-7.039,1,0.025,0.0848,0,0.0768,0.663,100.02,4,205787,FALSE,"C","major","C major",81319480,18.2138961522131,0
"Red (Taylor's Version)",FALSE,2021-11-12,10,"The Last Time (Taylor's Version)","Taylor Swift","Gary Lightbody",FALSE,NA,NA,2021-11-12,0.502,0.534,2,-5.954,1,0.0278,0.0399,0,0.0977,0.155,94.05,4,299080,FALSE,"D","major","D major",100640319,18.4270635206252,0
"Red (Taylor's Version)",FALSE,2021-11-12,11,"Holy Ground (Taylor's Version)","Taylor Swift",NA,FALSE,NA,NA,2021-11-12,0.622,0.809,9,-5.623,1,0.0638,0.0288,0.00218,0.109,0.511,156.894,4,202960,FALSE,"A","major","A major",77891461,18.1708268899419,0
"Red (Taylor's Version)",FALSE,2021-11-12,12,"Sad Beautiful Tragic (Taylor's Version)","Taylor Swift",NA,FALSE,NA,NA,2021-11-12,0.601,0.406,7,-11.827,1,0.0275,0.622,9.19e-05,0.133,0.232,130.059,3,284773,FALSE,"G","major","G major",86945215,18.2807887656229,0
"Red (Taylor's Version)",FALSE,2021-11-12,13,"The Lucky One (Taylor's Version)","Taylor Swift",NA,FALSE,NA,NA,2021-11-12,0.686,0.571,4,-7.138,1,0.05,0.066,0,0.0608,0.538,117.889,4,240467,FALSE,"E","major","E major",70397598,18.069669701228,0
"Red (Taylor's Version)",FALSE,2021-11-12,14,"Everything Has Changed (Taylor's Version)","Taylor Swift","Ed Sheeran",FALSE,NA,NA,2021-11-12,0.498,0.61,6,-5.098,1,0.0363,0.271,0,0.223,0.474,79.918,4,245427,FALSE,"F#","major","F# major",132932137,18.7053493078449,1
"Red (Taylor's Version)",FALSE,2021-11-12,15,"Starlight (Taylor's Version)","Taylor Swift",NA,FALSE,NA,NA,2021-11-12,0.628,0.685,4,-5.864,1,0.0358,0.00324,0,0.18,0.605,126.014,4,220413,FALSE,"E","major","E major",54026514,17.8049854840275,0
"Red (Taylor's Version)",FALSE,2021-11-12,16,"Begin Again (Taylor's Version)","Taylor Swift",NA,FALSE,NA,NA,2021-11-12,0.519,0.527,7,-7.673,1,0.0274,0.075,0,0.132,0.267,78.915,4,238867,FALSE,"G","major","G major",91309204,18.3297621509989,0
"Red (Taylor's Version)",FALSE,2021-11-12,17,"The Moment I Knew (Taylor's Version)","Taylor Swift",NA,FALSE,NA,NA,2021-11-12,0.636,0.402,7,-7.855,1,0.031,0.0494,0,0.107,0.208,125.952,4,285280,FALSE,"G","major","G major",64540303,17.98280043934,0
"Red (Taylor's Version)",FALSE,2021-11-12,18,"Come Back...Be Here (Taylor's Version)","Taylor Swift",NA,FALSE,NA,NA,2021-11-12,0.46,0.632,4,-6.031,1,0.0302,0.0158,0,0.0822,0.399,79.846,4,223333,FALSE,"E","major","E major",100182544,18.4225045198616,0
"Red (Taylor's Version)",FALSE,2021-11-12,19,"Girl At Home (Taylor's Version)","Taylor Swift",NA,FALSE,NA,NA,2021-11-12,0.691,0.736,5,-6.974,1,0.0326,0.00955,1.88e-05,0.101,0.612,125.089,4,220520,FALSE,"F","major","F major",53340003,17.7921971329611,0
"Red (Taylor's Version)",FALSE,2021-11-12,20,"State Of Grace (Acoustic Version) [Taylor's Version]","Taylor Swift",NA,FALSE,NA,NA,2021-11-12,0.445,0.131,7,-13.778,1,0.0564,0.663,1.57e-06,0.108,0.101,208.918,3,321640,FALSE,"G","major","G major",47957284,17.6858212559946,0
"Red (Taylor's Version)",FALSE,2021-11-12,21,"Ronan (Taylor's Version)","Taylor Swift",NA,FALSE,NA,NA,2021-11-12,0.623,0.279,0,-10.802,1,0.031,0.661,0,0.193,0.38,116.04,4,264253,FALSE,"C","major","C major",39802175,17.4994321170027,0
"Red (Taylor's Version)",FALSE,2021-11-12,22,"Better Man (Taylor's Version) [From The Vault]","Taylor Swift",NA,FALSE,NA,NA,2021-11-12,0.473,0.579,4,-5.824,1,0.0384,0.214,0,0.0877,0.255,73.942,4,297013,FALSE,"E","major","E major",129923150,18.6824536797734,1
"Red (Taylor's Version)",FALSE,2021-11-12,23,"Nothing New (Taylor's Version) [From The Vault]","Taylor Swift","Phoebe Bridgers",FALSE,NA,NA,2021-11-12,0.606,0.377,0,-9.455,1,0.0275,0.817,0,0.154,0.446,101.96,4,258813,FALSE,"C","major","C major",195924465,19.0932397602628,1
"Red (Taylor's Version)",FALSE,2021-11-12,24,"Babe (Taylor's Version) [From The Vault]","Taylor Swift",NA,FALSE,NA,NA,2021-11-12,0.584,0.743,4,-7.075,1,0.0931,0.0538,2.83e-06,0.121,0.746,167.844,4,224240,FALSE,"E","major","E major",109649205,18.5127967824599,0
"Red (Taylor's Version)",FALSE,2021-11-12,25,"Message In A Bottle (Taylor's Version) [From The Vault]","Taylor Swift",NA,FALSE,NA,NA,2021-11-12,0.622,0.791,7,-6.106,1,0.0535,0.00188,3.72e-06,0.083,0.494,115.915,4,225960,FALSE,"G","major","G major",175985002,18.9859093334623,1
"Red (Taylor's Version)",FALSE,2021-11-12,26,"I Bet You Think About Me (Taylor's Version) [From The Vault]","Taylor Swift","Chris Stapleton",FALSE,NA,NA,2021-11-12,0.391,0.715,0,-4.516,1,0.0495,0.167,0,0.183,0.473,149.654,3,285107,TRUE,"C","major","C major",194926834,19.0881348358626,1
"Red (Taylor's Version)",FALSE,2021-11-12,27,"Forever Winter (Taylor's Version) [From The Vault]","Taylor Swift",NA,FALSE,NA,NA,2021-11-12,0.611,0.552,7,-5.828,1,0.031,0.256,0,0.134,0.41,116.012,4,263533,FALSE,"G","major","G major",84654003,18.2540829542617,0
"Red (Taylor's Version)",FALSE,2021-11-12,28,"Run (Taylor's Version) [From The Vault]","Taylor Swift","Ed Sheeran",FALSE,NA,NA,2021-11-12,0.61,0.488,3,-6.918,1,0.0293,0.817,0,0.312,0.443,125.039,4,240227,FALSE,"D#","major","D# major",129930225,18.6825081335591,1
"Red (Taylor's Version)",FALSE,2021-11-12,29,"The Very First Night (Taylor's Version) [From The Vault]","Taylor Swift",NA,FALSE,NA,NA,2021-11-12,0.678,0.733,7,-5.025,1,0.0281,0.00115,0,0.104,0.581,121.009,4,200280,FALSE,"G","major","G major",155705618,18.8634777183627,1
"Red (Taylor's Version)",FALSE,2021-11-12,30,"All Too Well (10 Minute Version) [Taylor's Version] [From The Vault]","Taylor Swift",NA,FALSE,2021-11-15,NA,2021-11-12,0.631,0.518,0,-8.771,1,0.0303,0.274,0,0.088,0.205,93.023,4,613027,TRUE,"C","major","C major",756279728,20.4439218762888,1
"1989",FALSE,2014-10-27,1,"Welcome To New York","Taylor Swift",NA,FALSE,2014-10-20,NA,2014-10-20,0.789,0.634,7,-4.762,1,0.0323,0.0348,1.64e-06,0.302,0.658,116.992,4,212600,FALSE,"G","major","G major",239916921,19.2958032588782,1
"1989",FALSE,2014-10-27,2,"Blank Space","Taylor Swift",NA,FALSE,NA,2014-11-10,2014-10-27,0.76,0.703,5,-5.412,1,0.054,0.103,0,0.0913,0.57,95.997,4,231827,FALSE,"F","major","F major",1708424142,21.2588372281827,1
"1989",FALSE,2014-10-27,3,"Style","Taylor Swift",NA,FALSE,NA,2015-02-09,2014-10-27,0.588,0.791,7,-5.595,1,0.0402,0.00245,0.00258,0.118,0.487,94.933,4,231000,FALSE,"G","major","G major",1126140383,20.8420620329602,1
"1989",FALSE,2014-10-27,4,"Out Of The Woods","Taylor Swift",NA,FALSE,2014-10-14,2016-01-19,2014-10-14,0.553,0.841,7,-6.937,1,0.0396,0.000743,1.19e-05,0.341,0.338,92.008,4,235800,FALSE,"G","major","G major",315910730,19.5709702316405,1
"1989",FALSE,2014-10-27,5,"All You Had To Do Was Stay","Taylor Swift",NA,FALSE,NA,NA,2014-10-27,0.605,0.725,5,-5.729,1,0.0323,0.00201,2.02e-05,0.101,0.539,96.97,4,193293,FALSE,"F","major","F major",215419525,19.1880979638896,1
"1989",FALSE,2014-10-27,6,"Shake It Off","Taylor Swift",NA,FALSE,NA,2014-08-18,2014-08-18,0.647,0.8,7,-5.384,1,0.165,0.0647,0,0.334,0.942,160.078,4,219200,FALSE,"G","major","G major",1314935590,20.9970535203879,1
"1989",FALSE,2014-10-27,7,"I Wish You Would","Taylor Swift",NA,FALSE,NA,NA,2014-10-27,0.653,0.893,0,-5.966,1,0.0538,0.0158,4.95e-05,0.102,0.513,118.035,4,207440,FALSE,"C","major","C major",149014116,18.8195515976774,1
"1989",FALSE,2014-10-27,8,"Bad Blood","Taylor Swift",NA,FALSE,NA,NA,2014-10-27,0.646,0.794,7,-6.104,1,0.19,0.0885,6.16e-06,0.201,0.287,170.216,4,211933,FALSE,"G","major","G major",567280513,20.1563644712749,1
"1989",FALSE,2014-10-27,9,"Wildest Dreams","Taylor Swift",NA,FALSE,NA,2015-08-31,2014-10-27,0.55,0.688,8,-7.416,1,0.0897,0.0692,0.00144,0.106,0.465,139.997,4,220440,FALSE,"G#","major","G# major",911638013,20.6307535536766,1
"1989",FALSE,2014-10-27,10,"How You Get The Girl","Taylor Swift",NA,FALSE,NA,NA,2014-10-27,0.765,0.656,5,-6.112,1,0.0504,0.00364,0.00868,0.0918,0.545,119.997,4,247533,FALSE,"F","major","F major",165093811,18.9220244218158,1
"1989",FALSE,2014-10-27,11,"This Love","Taylor Swift",NA,FALSE,NA,NA,2014-10-27,0.481,0.435,4,-8.795,1,0.0321,0.678,0,0.0928,0.107,143.95,4,250093,FALSE,"E","major","E major",105668885,18.4758210366439,0
"1989",FALSE,2014-10-27,12,"I Know Places","Taylor Swift",NA,FALSE,NA,NA,2014-10-27,0.602,0.755,0,-4.991,1,0.071,0.245,0,0.178,0.495,159.965,4,195707,FALSE,"C","major","C major",131308107,18.6930570814644,1
"1989",FALSE,2014-10-27,13,"Clean","Taylor Swift",NA,FALSE,NA,NA,2014-10-27,0.815,0.377,4,-7.754,1,0.0346,0.232,0,0.1,0.211,103.97,4,271000,FALSE,"E","major","E major",190696276,19.0661925423254,1
"1989",FALSE,2014-10-27,14,"Wonderland","Taylor Swift",NA,TRUE,2015-02-17,NA,2014-10-27,0.422,0.692,3,-5.447,1,0.0549,0.0493,2.57e-05,0.177,0.197,184.014,4,245560,FALSE,"D#","major","D# major",145464422,18.7954420923386,1
"1989",FALSE,2014-10-27,15,"You Are In Love","Taylor Swift",NA,TRUE,NA,NA,2014-10-27,0.474,0.48,2,-8.894,1,0.0622,0.707,0.000108,0.0903,0.319,170.109,4,267107,FALSE,"D","major","D major",138988778,18.7499037540229,1
"1989",FALSE,2014-10-27,16,"New Romantics","Taylor Swift",NA,TRUE,2015-03-03,2016-02-23,2014-10-27,0.633,0.889,5,-5.87,1,0.0715,0.00463,0.000458,0.0658,0.584,121.956,4,230467,FALSE,"F","major","F major",268717421,19.4091709058719,1
"1989 (Taylor's Version)",FALSE,2023-10-27,1,"Welcome To New York (Taylor's Version)","Taylor Swift",NA,FALSE,NA,NA,2023-10-27,0.757,0.61,7,-4.84,1,0.0327,0.00942,3.66e-05,0.367,0.685,116.998,4,212600,FALSE,"G","major","G major",79944241,18.1968399621294,0
"1989 (Taylor's Version)",FALSE,2023-10-27,2,"Blank Space (Taylor's Version)","Taylor Swift",NA,FALSE,NA,NA,2023-10-27,0.733,0.733,0,-5.376,1,0.067,0.0885,0,0.168,0.701,96.057,4,231833,FALSE,"C","major","C major",111645621,18.5308403147021,1
"1989 (Taylor's Version)",FALSE,2023-10-27,3,"Style (Taylor's Version)","Taylor Swift",NA,FALSE,NA,NA,2023-10-27,0.511,0.822,11,-4.785,0,0.0397,0.000421,0.0197,0.0899,0.305,94.868,4,231000,FALSE,"B","minor","B minor",135303977,18.7230344866484,1
"1989 (Taylor's Version)",FALSE,2023-10-27,4,"Out Of The Woods (Taylor's Version)","Taylor Swift",NA,FALSE,NA,NA,2023-10-27,0.545,0.885,0,-5.968,1,0.0447,0.000537,5.59e-05,0.385,0.206,92.021,4,235800,FALSE,"C","major","C major",92164969,18.3390906705591,0
"1989 (Taylor's Version)",FALSE,2023-10-27,5,"All You Had To Do Was Stay (Taylor's Version)","Taylor Swift",NA,FALSE,NA,NA,2023-10-27,0.588,0.721,0,-5.579,1,0.0317,0.000656,0,0.131,0.52,96.997,4,193289,FALSE,"C","major","C major",69901392,18.0625961211688,0
"1989 (Taylor's Version)",FALSE,2023-10-27,6,"Shake It Off (Taylor's Version)","Taylor Swift",NA,FALSE,NA,NA,2023-10-27,0.636,0.808,7,-5.693,1,0.0729,0.0121,2.18e-05,0.359,0.917,160.058,4,219209,FALSE,"G","major","G major",75220894,18.1359395960728,0
"1989 (Taylor's Version)",FALSE,2023-10-27,7,"I Wish You Would (Taylor's Version)","Taylor Swift",NA,FALSE,NA,NA,2023-10-27,0.67,0.858,0,-6.528,1,0.0439,0.00354,1.25e-05,0.0687,0.539,118.009,4,207650,FALSE,"C","major","C major",61153405,17.9288961012946,0
"1989 (Taylor's Version)",FALSE,2023-10-27,8,"Bad Blood (Taylor's Version)","Taylor Swift",NA,FALSE,NA,NA,2023-10-27,0.618,0.683,7,-6.438,1,0.194,0.0362,0,0.305,0.363,169.971,4,211104,FALSE,"G","major","G major",58289749,17.8809368039565,0
"1989 (Taylor's Version)",FALSE,2023-10-27,9,"Wildest Dreams (Taylor's Version)","Taylor Swift",NA,FALSE,2021-09-17,NA,2021-09-17,0.589,0.674,8,-7.48,1,0.0656,0.0436,7.18e-05,0.112,0.514,139.985,4,220433,FALSE,"G#","major","G# major",637705307,20.2733868333459,1
"1989 (Taylor's Version)",FALSE,2023-10-27,10,"How You Get The Girl (Taylor's Version)","Taylor Swift",NA,FALSE,NA,NA,2023-10-27,0.758,0.691,5,-5.798,1,0.0515,0.00196,1.09e-05,0.0939,0.538,119.997,4,247533,FALSE,"F","major","F major",52435052,17.7750858569542,0
"1989 (Taylor's Version)",FALSE,2023-10-27,11,"This Love (Taylor's Version)","Taylor Swift",NA,FALSE,2022-05-06,NA,2022-05-06,0.471,0.509,1,-8.796,0,0.0355,0.316,0,0.0673,0.0567,144.071,4,250100,FALSE,"C#","minor","C# minor",218504402,19.2023167187501,1
"1989 (Taylor's Version)",FALSE,2023-10-27,12,"I Know Places (Taylor's Version)","Taylor Swift",NA,FALSE,NA,NA,2023-10-27,0.582,0.788,0,-5.358,1,0.0445,0.0999,0,0.115,0.652,160.027,4,195700,FALSE,"C","major","C major",54175738,17.8077437278135,0
"1989 (Taylor's Version)",FALSE,2023-10-27,13,"Clean (Taylor's Version)","Taylor Swift",NA,FALSE,NA,NA,2023-10-27,0.772,0.391,4,-8.892,1,0.0293,0.25,2.92e-05,0.0981,0.258,103.955,4,271000,FALSE,"E","major","E major",67558793,18.0285087841433,0
"1989 (Taylor's Version)",FALSE,2023-10-27,14,"Wonderland (Taylor's Version)","Taylor Swift",NA,FALSE,NA,NA,2023-10-27,0.464,0.705,3,-5.97,1,0.0434,0.00976,2.61e-05,0.209,0.385,183.892,4,245567,FALSE,"D#","major","D# major",53249147,17.7904923436462,0
"1989 (Taylor's Version)",FALSE,2023-10-27,15,"You Are In Love (Taylor's Version)","Taylor Swift",NA,FALSE,NA,NA,2023-10-27,0.363,0.498,9,-9.473,1,0.0755,0.61,3.91e-06,0.112,0.477,84.68,4,267389,FALSE,"A","major","A major",53636077,17.7977324779836,0
"1989 (Taylor's Version)",FALSE,2023-10-27,16,"New Romantics (Taylor's Version)","Taylor Swift",NA,FALSE,NA,NA,2023-10-27,0.649,0.846,5,-5.958,1,0.0602,0.00675,4.63e-06,0.0824,0.698,121.978,4,230178,FALSE,"F","major","F major",80990224,18.2098390139949,0
"1989 (Taylor's Version)",FALSE,2023-10-27,17,"""Slut!"" (Taylor's Version) [From The Vault]","Taylor Swift",NA,FALSE,2023-10-27,NA,2023-10-27,0.591,0.412,2,-13.27,1,0.0863,0.309,0.000199,0.0608,0.328,155.875,4,180381,FALSE,"D","major","D major",182041125,19.0197431810541,1
"1989 (Taylor's Version)",FALSE,2023-10-27,18,"Say Don't Go (Taylor's Version) [From The Vault]","Taylor Swift",NA,FALSE,NA,NA,2023-10-27,0.633,0.551,4,-8.297,1,0.0341,0.066,9.94e-06,0.127,0.164,109.95,4,279833,FALSE,"E","major","E major",131080271,18.6913204492325,1
"1989 (Taylor's Version)",FALSE,2023-10-27,19,"Now That We Don't Talk (Taylor's Version) [From The Vault]","Taylor Swift",NA,FALSE,NA,NA,2023-10-27,0.8,0.501,0,-9.332,1,0.034,0.16,7.14e-05,0.0874,0.0831,110.013,4,146437,FALSE,"C","major","C major",192284098,19.0744845134319,1
"1989 (Taylor's Version)",FALSE,2023-10-27,20,"Suburban Legends (Taylor's Version) [From The Vault]","Taylor Swift",NA,FALSE,NA,NA,2023-10-27,0.701,0.625,0,-8.804,1,0.036,0.207,0,0.105,0.323,118.036,4,171819,FALSE,"C","major","C major",82161697,18.2241997781911,0
"1989 (Taylor's Version)",FALSE,2023-10-27,21,"Is It Over Now? (Taylor's Version) [From The Vault]","Taylor Swift",NA,FALSE,NA,NA,2023-10-27,0.595,0.656,0,-7.343,1,0.037,0.041,0,0.122,0.191,99.994,4,229478,FALSE,"C","major","C major",278728794,19.4457498025084,1
"1989 (Taylor's Version)",FALSE,2023-10-27,22,"Bad Blood (Remix) [Taylor's Version]","Taylor Swift","Kendrick Lamar",TRUE,NA,NA,2023-10-27,0.602,0.648,2,-6.905,1,0.103,0.0104,0,0.217,0.174,170.091,4,199773,FALSE,"D","major","D major",44568311,17.6125336487593,0
"1989 (Taylor's Version)",FALSE,2023-10-27,22,"Sweeter Than Fiction (Taylor's Version)",NA,NA,TRUE,NA,NA,2023-10-27,NA,NA,NA,NA,NA,NA,NA,NA,NA,NA,NA,NA,NA,NA,NA,NA,NA,0,-Inf,0
"reputation",FALSE,2017-11-10,1,"...Ready For It?","Taylor Swift",NA,FALSE,NA,2017-10-24,2017-10-24,0.613,0.764,2,-6.509,1,0.136,0.0527,0,0.197,0.417,160.015,4,208187,FALSE,"D","major","D major",641217600,20.278879426857,1
"reputation",FALSE,2017-11-10,2,"End Game","Taylor Swift","Ed Sheeran, Future",FALSE,NA,2017-11-14,2017-11-10,0.649,0.589,2,-6.237,1,0.0558,0.00845,0,0.108,0.151,159.073,4,244827,FALSE,"D","major","D major",462393157,19.9519260763375,1
"reputation",FALSE,2017-11-10,3,"I Did Something Bad","Taylor Swift",NA,FALSE,NA,NA,2017-11-10,0.696,0.602,0,-6.156,0,0.159,0.0679,2.11e-05,0.0696,0.305,82.989,4,238253,FALSE,"C","minor","C minor",403266217,19.815107489908,1
"reputation",FALSE,2017-11-10,4,"Don't Blame Me","Taylor Swift",NA,FALSE,NA,NA,2017-11-10,0.615,0.534,9,-6.719,0,0.0386,0.106,1.76e-05,0.0607,0.193,135.917,4,236413,FALSE,"A","minor","A minor",974677460,20.6976171639759,1
"reputation",FALSE,2017-11-10,5,"Delicate","Taylor Swift",NA,FALSE,NA,2018-03-12,2017-11-10,0.75,0.404,9,-10.178,0,0.0682,0.216,0.000357,0.0911,0.0499,95.045,4,232253,FALSE,"A","minor","A minor",905588449,20.6240955102523,1
"reputation",FALSE,2017-11-10,6,"Look What You Made Me Do","Taylor Swift",NA,FALSE,NA,2017-08-24,2017-08-24,0.766,0.709,9,-6.471,0,0.123,0.204,1.41e-05,0.126,0.506,128.07,4,211853,FALSE,"A","minor","A minor",1065314038,20.7865354640033,1
"reputation",FALSE,2017-11-10,7,"So It Goes...","Taylor Swift",NA,FALSE,NA,NA,2017-11-10,0.574,0.61,2,-7.283,1,0.0732,0.122,1.1e-06,0.13,0.374,74.957,4,227907,FALSE,"D","major","D major",164867171,18.9206506834164,1
"reputation",FALSE,2017-11-10,8,"Gorgeous","Taylor Swift",NA,FALSE,2017-10-20,NA,2017-10-20,0.8,0.535,7,-6.684,1,0.135,0.0713,9.48e-06,0.213,0.451,92.027,4,209680,FALSE,"G","major","G major",551200809,20.1276097453695,1
"reputation",FALSE,2017-11-10,9,"Getaway Car","Taylor Swift",NA,FALSE,NA,2018-09-27,2017-11-10,0.562,0.689,2,-6.745,1,0.127,0.00465,2.23e-06,0.0888,0.351,172.054,4,233627,FALSE,"D","major","D major",591307342,20.1978464774229,1
"reputation",FALSE,2017-11-10,10,"King Of My Heart","Taylor Swift",NA,FALSE,NA,NA,2017-11-10,0.675,0.703,0,-7.902,1,0.0382,0.00882,2.21e-06,0.0391,0.314,110.01,4,214320,FALSE,"C","major","C major",243791713,19.3118247834575,1
"reputation",FALSE,2017-11-10,11,"Dancing With Our Hands Tied","Taylor Swift",NA,FALSE,NA,NA,2017-11-10,0.624,0.691,0,-6.686,0,0.196,0.0604,1.1e-05,0.138,0.284,160.024,4,211507,FALSE,"C","minor","C minor",227813502,19.2440378785115,1
"reputation",FALSE,2017-11-10,12,"Dress","Taylor Swift",NA,FALSE,NA,NA,2017-11-10,0.719,0.469,0,-8.792,1,0.0533,0.0329,0,0.169,0.0851,120.085,4,230373,FALSE,"C","major","C major",286952177,19.4748261291774,1
"reputation",FALSE,2017-11-10,13,"This Is Why We Can't Have Nice Things","Taylor Swift",NA,FALSE,NA,NA,2017-11-10,0.567,0.789,5,-5.986,1,0.115,0.0156,0,0.382,0.438,163.96,4,207133,FALSE,"F","major","F major",202576744,19.1266293554311,1
"reputation",FALSE,2017-11-10,14,"Call It What You Want","Taylor Swift",NA,FALSE,2017-11-03,NA,2017-11-03,0.598,0.504,9,-9.874,1,0.0731,0.186,0.000221,0.34,0.252,163.954,4,203507,FALSE,"A","major","A major",366811972,19.7203599368543,1
"reputation",FALSE,2017-11-10,15,"New Year's Day","Taylor Swift",NA,FALSE,NA,2017-11-27,2017-11-10,0.661,0.151,0,-12.864,1,0.0354,0.921,0,0.13,0.23,94.922,4,235467,FALSE,"C","major","C major",177239723,18.9930137414417,1
"Lover",FALSE,2019-08-23,1,"I Forgot That You Existed","Taylor Swift",NA,FALSE,NA,NA,2019-08-23,0.664,0.316,5,-10.345,1,0.519,0.298,2.03e-06,0.0812,0.541,92.875,4,170640,FALSE,"F","major","F major",316678932,19.5733989857722,1
"Lover",FALSE,2019-08-23,2,"Cruel Summer","Taylor Swift",NA,FALSE,NA,2023-06-20,2019-08-23,0.552,0.702,9,-5.707,1,0.157,0.117,2.06e-05,0.105,0.564,169.994,4,178427,FALSE,"A","major","A major",1702854354,21.2555717117753,1
"Lover",FALSE,2019-08-23,3,"Lover","Taylor Swift",NA,FALSE,NA,2019-08-16,2019-08-16,0.359,0.543,7,-7.582,1,0.0919,0.492,1.58e-05,0.118,0.453,68.534,4,221307,FALSE,"G","major","G major",1216532258,20.9192702368934,1
"Lover",FALSE,2019-08-23,4,"The Man","Taylor Swift",NA,FALSE,NA,2020-01-27,2019-08-23,0.777,0.658,0,-5.191,1,0.054,0.0767,0,0.0901,0.633,110.048,4,190360,FALSE,"C","major","C major",674515918,20.3295058330371,1
"Lover",FALSE,2019-08-23,5,"The Archer","Taylor Swift",NA,FALSE,2019-07-23,NA,2019-07-23,0.292,0.574,0,-9.375,1,0.0401,0.12,0.00569,0.0663,0.166,124.344,4,211240,FALSE,"C","major","C major",347936552,19.667530699277,1
"Lover",FALSE,2019-08-23,6,"I Think He Knows","Taylor Swift",NA,FALSE,NA,NA,2019-08-23,0.897,0.366,0,-8.029,1,0.0569,0.00889,0.000353,0.0715,0.416,100.003,4,173387,FALSE,"C","major","C major",251389518,19.3425141587404,1
"Lover",FALSE,2019-08-23,7,"Miss Americana & The Heartbreak Prince","Taylor Swift",NA,FALSE,NA,NA,2019-08-23,0.662,0.747,11,-6.926,0,0.0736,0.028,0.00615,0.138,0.487,150.088,4,234147,FALSE,"B","minor","B minor",320922544,19.5867103560276,1
"Lover",FALSE,2019-08-23,8,"Paper Rings","Taylor Swift",NA,FALSE,NA,NA,2019-08-23,0.811,0.719,9,-6.553,1,0.0497,0.0129,1.36e-05,0.0742,0.865,103.979,4,222400,FALSE,"A","major","A major",586467395,20.1896276320146,1
"Lover",FALSE,2019-08-23,9,"Cornelia Street","Taylor Swift",NA,FALSE,NA,NA,2019-08-23,0.824,0.624,0,-9.728,1,0.0827,0.781,0.000189,0.1,0.248,102.012,4,287267,FALSE,"C","major","C major",298413464,19.5139905459194,1
"Lover",FALSE,2019-08-23,10,"Death By A Thousand Cuts","Taylor Swift",NA,FALSE,NA,NA,2019-08-23,0.712,0.732,4,-6.754,1,0.0629,0.454,0,0.319,0.313,94.071,4,198533,FALSE,"E","major","E major",263228708,19.3885338244157,1
"Lover",FALSE,2019-08-23,11,"London Boy","Taylor Swift",NA,FALSE,NA,NA,2019-08-23,0.695,0.71,1,-6.639,1,0.05,0.0246,0.000104,0.133,0.557,157.925,4,190240,FALSE,"C#","major","C# major",298982938,19.5158970661816,1
"Lover",FALSE,2019-08-23,12,"Soon You'll Get Better","Taylor Swift","The Chicks",FALSE,NA,NA,2019-08-23,0.433,0.182,0,-12.566,1,0.0641,0.907,0,0.123,0.421,207.476,4,201587,FALSE,"C","major","C major",134128730,18.7143105684073,1
"Lover",FALSE,2019-08-23,13,"False God","Taylor Swift",NA,FALSE,NA,NA,2019-08-23,0.739,0.32,11,-10.862,0,0.239,0.736,0.000147,0.111,0.351,79.97,4,200307,FALSE,"B","minor","B minor",209395928,19.1597374101753,1
"Lover",FALSE,2019-08-23,14,"You Need To Calm Down","Taylor Swift",NA,FALSE,NA,2019-06-14,2019-06-14,0.771,0.671,2,-5.617,1,0.0553,0.00929,0,0.0637,0.714,85.026,4,171360,FALSE,"D","major","D major",861573553,20.5742709881171,1
"Lover",FALSE,2019-08-23,15,"Afterglow","Taylor Swift",NA,FALSE,NA,NA,2019-08-23,0.756,0.449,9,-8.746,1,0.0344,0.13,0,0.114,0.399,111.011,4,223293,FALSE,"A","major","A major",344877626,19.6587002048258,1
"Lover",FALSE,2019-08-23,16,"ME!","Taylor Swift","Brendon Urie, Panic! At The Disco",FALSE,NA,2019-04-26,2019-04-26,0.61,0.83,0,-4.105,1,0.0571,0.033,0,0.118,0.728,182.162,4,193000,FALSE,"C","major","C major",821623783,20.5267931633359,1
"Lover",FALSE,2019-08-23,17,"It's Nice To Have A Friend","Taylor Swift",NA,FALSE,NA,NA,2019-08-23,0.737,0.175,10,-9.912,1,0.0401,0.971,0.000337,0.171,0.545,70.008,4,150440,FALSE,"A#","major","A# major",121892420,18.6186494104016,1
"Lover",FALSE,2019-08-23,18,"Daylight","Taylor Swift",NA,FALSE,NA,NA,2019-08-23,0.557,0.496,0,-9.602,1,0.0563,0.808,0.000173,0.0772,0.265,149.983,4,293453,FALSE,"C","major","C major",331291433,19.6185090081975,1
"folklore",FALSE,2020-07-24,1,"the 1","Taylor Swift",NA,FALSE,2020-10-09,NA,2020-07-24,0.78,0.361,0,-6.942,1,0.048,0.75,7.14e-06,0.108,0.163,139.902,4,210240,TRUE,"C","major","C major",517471858,20.0644657009488,1
"folklore",FALSE,2020-07-24,2,"cardigan","Taylor Swift",NA,FALSE,NA,2020-07-27,2020-07-24,0.612,0.58,0,-8.572,0,0.0419,0.525,0.000414,0.26,0.534,130.045,4,239560,FALSE,"C","minor","C minor",1134549436,20.849501436378,1
"folklore",FALSE,2020-07-24,3,"the last great american dynasty","Taylor Swift",NA,FALSE,NA,NA,2020-07-24,0.688,0.653,7,-8.558,1,0.0403,0.481,0.00414,0.106,0.701,147.991,4,231000,TRUE,"G","major","G major",327256102,19.6062536088753,1
"folklore",FALSE,2020-07-24,4,"exile","Taylor Swift","Bon Iver",FALSE,NA,2020-08-03,2020-07-24,0.31,0.374,6,-8.464,1,0.0275,0.761,2.46e-05,0.11,0.16,75.938,4,285640,FALSE,"F#","major","F# major",692171271,20.3553439844036,1
"folklore",FALSE,2020-07-24,5,"my tears ricochet","Taylor Swift",NA,FALSE,NA,NA,2020-07-24,0.456,0.265,0,-10.663,1,0.0328,0.814,0,0.0679,0.112,129.947,4,255893,FALSE,"C","major","C major",421587992,19.8595390728124,1
"folklore",FALSE,2020-07-24,6,"mirrorball","Taylor Swift",NA,FALSE,NA,NA,2020-07-24,0.549,0.417,7,-10.064,1,0.035,0.686,1.9e-06,0.0604,0.347,110.137,4,208973,FALSE,"G","major","G major",374276274,19.7405047832086,1
"folklore",FALSE,2020-07-24,7,"seven","Taylor Swift",NA,FALSE,NA,NA,2020-07-24,0.602,0.494,4,-10.813,1,0.0277,0.888,2.59e-05,0.0902,0.374,94.955,4,208907,FALSE,"E","major","E major",279820925,19.4496604029605,1
"folklore",FALSE,2020-07-24,8,"august","Taylor Swift",NA,FALSE,NA,NA,2020-07-24,0.387,0.634,5,-9.222,1,0.0363,0.553,6.93e-05,0.0931,0.42,89.567,4,261920,FALSE,"F","major","F major",951233896,20.6732705376933,1
"folklore",FALSE,2020-07-24,9,"this is me trying","Taylor Swift",NA,FALSE,NA,NA,2020-07-24,0.511,0.478,9,-9.837,1,0.0322,0.312,2.3e-05,0.147,0.408,135.882,4,195107,FALSE,"A","major","A major",347716932,19.6668992929451,1
"folklore",FALSE,2020-07-24,10,"illicit affairs","Taylor Swift",NA,FALSE,NA,NA,2020-07-24,0.529,0.304,10,-10.567,1,0.0356,0.862,0,0.108,0.44,119.58,4,190893,FALSE,"A#","major","A# major",348053926,19.6678679855038,1
"folklore",FALSE,2020-07-24,11,"invisible string","Taylor Swift",NA,FALSE,NA,NA,2020-07-24,0.651,0.459,4,-11.128,0,0.0507,0.859,6.63e-05,0.105,0.454,83.455,4,252880,FALSE,"E","minor","E minor",326442749,19.6037651436792,1
"folklore",FALSE,2020-07-24,12,"mad woman","Taylor Swift",NA,FALSE,NA,NA,2020-07-24,0.593,0.7,3,-9.016,1,0.0492,0.67,6.77e-06,0.116,0.451,141.898,4,237267,TRUE,"D#","major","D# major",195226335,19.0896701357532,1
"folklore",FALSE,2020-07-24,13,"epiphany","Taylor Swift",NA,FALSE,NA,NA,2020-07-24,0.317,0.254,1,-13.679,1,0.0286,0.727,0.000326,0.0867,0.103,93.933,4,289747,FALSE,"C#","major","C# major",169440299,18.9480112044523,1
"folklore",FALSE,2020-07-24,14,"betty","Taylor Swift",NA,FALSE,NA,2020-08-17,2020-07-24,0.595,0.376,0,-8.767,1,0.0256,0.589,0,0.0989,0.476,95.946,4,294520,TRUE,"C","major","C major",317284578,19.5753096515273,1
"folklore",FALSE,2020-07-24,15,"peace","Taylor Swift",NA,FALSE,NA,NA,2020-07-24,0.644,0.284,5,-12.879,1,0.0821,0.916,1.5e-05,0.0909,0.328,150.072,4,234000,TRUE,"F","major","F major",190318606,19.0642100994261,1
"folklore",FALSE,2020-07-24,16,"hoax","Taylor Swift",NA,FALSE,NA,NA,2020-07-24,0.676,0.178,8,-15.01,1,0.0394,0.964,7.9e-06,0.135,0.404,118.84,4,220040,FALSE,"G#","major","G# major",169945233,18.9509867842867,1
"folklore",FALSE,2020-07-24,17,"the lakes","Taylor Swift",NA,TRUE,2021-07-24,NA,2020-07-24,0.313,0.258,2,-11.532,1,0.0383,0.842,1.3e-06,0.0948,0.268,179.947,4,211813,FALSE,"D","major","D major",136746855,18.7336420008301,1
"evermore",FALSE,2020-12-11,1,"willow","Taylor Swift",NA,FALSE,NA,2020-12-11,2020-12-11,0.392,0.574,7,-9.195,1,0.17,0.833,0.00179,0.145,0.529,81.112,4,214707,FALSE,"G","major","G major",761640338,20.4509850048498,1
"evermore",FALSE,2020-12-11,2,"champagne problems","Taylor Swift",NA,FALSE,NA,NA,2020-12-11,0.462,0.24,0,-12.077,1,0.0377,0.92,0,0.113,0.32,171.319,4,244000,TRUE,"C","major","C major",549133358,20.1238518807226,1
"evermore",FALSE,2020-12-11,3,"gold rush","Taylor Swift",NA,FALSE,NA,NA,2020-12-11,0.512,0.462,9,-10.491,1,0.0408,0.83,0.166,0.121,0.353,112.05,4,185320,TRUE,"A","major","A major",264011028,19.3915014329654,1
"evermore",FALSE,2020-12-11,4,"'tis the damn season","Taylor Swift",NA,FALSE,NA,NA,2020-12-11,0.575,0.434,5,-8.193,1,0.0312,0.735,6.59e-05,0.105,0.348,145.916,4,229840,FALSE,"F","major","F major",242750122,19.3075431677102,1
"evermore",FALSE,2020-12-11,5,"tolerate it","Taylor Swift",NA,FALSE,NA,NA,2020-12-11,0.316,0.361,9,-10.381,1,0.0488,0.878,2.67e-05,0.0797,0.221,74.952,5,245440,TRUE,"A","major","A major",268716361,19.4091669611998,1
"evermore",FALSE,2020-12-11,6,"no body, no crime","Taylor Swift","HAIM",FALSE,NA,2021-01-11,2020-12-11,0.546,0.613,7,-7.589,0,0.0264,0.418,0,0.103,0.535,79.015,4,215627,FALSE,"G","minor","G minor",252268798,19.3460057357296,1
"evermore",FALSE,2020-12-11,7,"happiness","Taylor Swift",NA,FALSE,NA,NA,2020-12-11,0.559,0.334,11,-10.733,1,0.0376,0.87,0,0.114,0.211,122.079,4,315147,TRUE,"B","major","B major",170449092,18.9539472294586,1
"evermore",FALSE,2020-12-11,8,"dorothea","Taylor Swift",NA,FALSE,NA,NA,2020-12-11,0.605,0.488,4,-8.322,1,0.0264,0.696,0,0.129,0.354,119.966,4,225880,FALSE,"E","major","E major",157984690,18.8780086875621,1
"evermore",FALSE,2020-12-11,9,"coney island","Taylor Swift","The National",FALSE,NA,2021-01-18,2020-12-11,0.537,0.537,8,-11.266,1,0.0617,0.819,0.000904,0.142,0.292,107.895,4,275320,FALSE,"G#","major","G# major",164324824,18.9173556610651,1
"evermore",FALSE,2020-12-11,10,"ivy","Taylor Swift",NA,FALSE,NA,NA,2020-12-11,0.515,0.545,2,-9.277,1,0.0353,0.855,1.97e-05,0.0921,0.535,88.856,4,260440,TRUE,"D","major","D major",198072621,19.1041442941414,1
"evermore",FALSE,2020-12-11,11,"cowboy like me","Taylor Swift",NA,FALSE,NA,NA,2020-12-11,0.604,0.517,0,-9.014,1,0.0347,0.768,0.000155,0.123,0.511,127.967,4,275040,TRUE,"C","major","C major",168398970,18.9418465433642,1
"evermore",FALSE,2020-12-11,12,"long story short","Taylor Swift",NA,FALSE,NA,NA,2020-12-11,0.546,0.73,0,-7.704,1,0.0417,0.66,0.179,0.0972,0.573,157.895,4,215920,FALSE,"C","major","C major",179014975,19.0029800195237,1
"evermore",FALSE,2020-12-11,13,"marjorie","Taylor Swift",NA,FALSE,NA,NA,2020-12-11,0.535,0.561,5,-11.609,1,0.0484,0.876,0.000136,0.115,0.287,96.103,4,257773,FALSE,"F","major","F major",185623035,19.0392284816066,1
"evermore",FALSE,2020-12-11,14,"closure","Taylor Swift",NA,FALSE,NA,NA,2020-12-11,0.689,0.704,9,-10.813,1,0.245,0.835,4.83e-06,0.134,0.92,151.884,5,180653,FALSE,"A","major","A major",112206035,18.5358473374851,1
"evermore",FALSE,2020-12-11,15,"evermore","Taylor Swift","Bon Iver",FALSE,NA,NA,2020-12-11,0.39,0.27,1,-10.673,1,0.0308,0.937,0.00227,0.111,0.32,125.177,5,304107,FALSE,"C#","major","C# major",194506016,19.0859736511357,1
"evermore",FALSE,2020-12-11,16,"right where you left me","Taylor Swift",NA,TRUE,NA,NA,2020-12-11,0.581,0.619,10,-6.524,1,0.0282,0.769,0.000106,0.117,0.645,137.915,4,245027,FALSE,"A#","major","A# major",287073192,19.4752477656009,1
"evermore",FALSE,2020-12-11,17,"it's time to go","Taylor Swift",NA,TRUE,NA,NA,2020-12-11,0.592,0.41,0,-12.426,1,0.0397,0.801,1.39e-05,0.09,0.416,151.923,4,254640,FALSE,"C","major","C major",97565857,18.3960381643603,0
"Midnights",FALSE,2022-10-21,1,"Lavender Haze","Taylor Swift",NA,FALSE,NA,2022-11-29,2022-10-21,0.735,0.454,7,-10.516,0,0.0876,0.236,0.00113,0.133,0.0751,97.043,4,202396,TRUE,"G","minor","G minor",644669609,20.2842485094148,1
"Midnights",FALSE,2022-10-21,2,"Maroon","Taylor Swift",NA,FALSE,NA,NA,2022-10-21,0.65,0.397,7,-8.237,1,0.0365,0.0609,1.4e-06,0.089,0.0382,108.055,4,218271,TRUE,"G","major","G major",416296179,19.846907533646,1
"Midnights",FALSE,2022-10-21,3,"Anti-Hero","Taylor Swift",NA,FALSE,NA,2022-10-24,2022-10-21,0.637,0.649,4,-6.59,1,0.0584,0.115,1.22e-06,0.147,0.497,96.935,4,200690,FALSE,"E","major","E major",1383375573,21.0477924167535,1
"Midnights",FALSE,2022-10-21,4,"Snow On The Beach","Taylor Swift","Lana Del Rey",FALSE,NA,NA,2022-10-21,0.653,0.331,9,-13.534,1,0.039,0.705,0.0013,0.116,0.166,110.014,4,256124,TRUE,"A","major","A major",400157718,19.8073693223584,1
"Midnights",FALSE,2022-10-21,5,"You're On Your Own, Kid","Taylor Swift",NA,FALSE,NA,NA,2022-10-21,0.694,0.386,2,-10.312,1,0.0597,0.423,1.05e-05,0.126,0.39,120.044,4,194207,FALSE,"D","major","D major",508906632,20.047775123504,1
"Midnights",FALSE,2022-10-21,6,"Midnight Rain","Taylor Swift",NA,FALSE,NA,NA,2022-10-21,0.654,0.372,0,-11.704,1,0.0667,0.705,6.78e-05,0.114,0.198,140.15,4,174783,FALSE,"C","major","C major",588591167,20.1932423868553,1
"Midnights",FALSE,2022-10-21,7,"Question...?","Taylor Swift",NA,FALSE,NA,NA,2022-10-21,0.741,0.509,7,-8.747,1,0.19,0.205,0,0.262,0.113,108.978,4,210557,TRUE,"G","major","G major",275878118,19.4354697246975,1
"Midnights",FALSE,2022-10-21,8,"Vigilante Shit","Taylor Swift",NA,FALSE,NA,NA,2022-10-21,0.867,0.272,4,-11.014,0,0.363,0.157,3.42e-05,0.118,0.157,79.962,4,164801,TRUE,"E","minor","E minor",352373319,19.6802017369012,1
"Midnights",FALSE,2022-10-21,9,"Bejeweled","Taylor Swift",NA,FALSE,2022-10-25,NA,2022-10-21,0.695,0.546,7,-9.184,1,0.066,0.0648,0.000128,0.0883,0.425,164,4,194166,FALSE,"G","major","G major",468159365,19.9643193194212,1
"Midnights",FALSE,2022-10-21,10,"Labyrinth","Taylor Swift",NA,FALSE,NA,NA,2022-10-21,0.493,0.308,0,-15.489,1,0.0436,0.804,0.328,0.123,0.13,109.993,4,247962,FALSE,"C","major","C major",245634517,19.3193552858932,1
"Midnights",FALSE,2022-10-21,11,"Karma","Taylor Swift",NA,FALSE,NA,2023-05-01,2022-10-21,0.647,0.614,8,-7.091,1,0.0651,0.0782,0,0.611,0.0956,90.034,4,204852,TRUE,"G#","major","G# major",664386951,20.3143752952336,1
"Midnights",FALSE,2022-10-21,12,"Sweet Nothing","Taylor Swift",NA,FALSE,NA,NA,2022-10-21,0.335,0.166,0,-14.958,1,0.048,0.967,0.00012,0.115,0.391,175.917,4,188497,FALSE,"C","major","C major",248101984,19.3293504454055,1
"Midnights",FALSE,2022-10-21,13,"Mastermind","Taylor Swift",NA,FALSE,NA,NA,2022-10-21,0.661,0.345,4,-14.037,1,0.144,0.545,0.000915,0.0871,0.126,125.977,4,191039,FALSE,"E","major","E major",303420920,19.5306315743803,1
"Midnights",FALSE,2022-10-21,14,"The Great War","Taylor Swift",NA,TRUE,NA,NA,2022-10-21,0.573,0.737,5,-9.002,1,0.0352,0.203,2.78e-05,0.0851,0.592,96.009,4,240356,FALSE,"F","major","F major",251709137,19.3437847605988,1
"Midnights",FALSE,2022-10-21,15,"Bigger Than The Whole Sky","Taylor Swift",NA,TRUE,NA,NA,2022-10-21,0.48,0.22,6,-12.469,1,0.0425,0.837,0.00269,0.116,0.0633,82.951,4,218503,FALSE,"F#","major","F# major",163733564,18.9137510549229,1
"Midnights",FALSE,2022-10-21,16,"Paris","Taylor Swift",NA,TRUE,NA,NA,2022-10-21,0.691,0.498,7,-10.519,1,0.101,0.116,3.07e-05,0.136,0.454,110.963,4,196259,FALSE,"G","major","G major",165266287,18.9230685915973,1
"Midnights",FALSE,2022-10-21,17,"High Infidelity","Taylor Swift",NA,TRUE,NA,NA,2022-10-21,0.564,0.545,10,-10.17,1,0.104,0.726,0,0.0878,0.766,176.082,4,231475,FALSE,"A#","major","A# major",138928261,18.7494682499518,1
"Midnights",FALSE,2022-10-21,18,"Glitch","Taylor Swift",NA,TRUE,NA,NA,2022-10-21,0.677,0.451,11,-9.744,0,0.19,0.318,0,0.11,0.399,140.845,4,148781,FALSE,"B","minor","B minor",110633604,18.5217344345391,0
"Midnights",FALSE,2022-10-21,19,"Would've, Could've, Should've","Taylor Swift",NA,TRUE,NA,NA,2022-10-21,0.482,0.837,0,-6.501,1,0.12,0.435,0.00147,0.123,0.534,157.96,4,260362,FALSE,"C","major","C major",239775114,19.2952120170239,1
"Midnights",FALSE,2022-10-21,20,"Dear Reader","Taylor Swift",NA,TRUE,NA,NA,2022-10-21,0.475,0.386,0,-12.038,1,0.0737,0.497,0.00104,0.119,0.162,107.601,4,225194,FALSE,"C","major","C major",113609367,18.5482765168379,1
"Midnights",FALSE,2022-10-21,14,"Hits Different","Taylor Swift",NA,TRUE,NA,NA,2022-10-21,0.672,0.782,5,-6.499,1,0.0421,0.148,4.73e-06,0.296,0.239,106.026,4,234467,TRUE,"F","major","F major",155887518,18.864645266679,1
"Midnights",FALSE,2022-10-21,15,"You're On Your Own, Kid (Strings Remix)",NA,NA,TRUE,NA,NA,2022-10-21,NA,NA,NA,NA,NA,NA,NA,NA,NA,NA,NA,NA,NA,NA,NA,NA,NA,150209125,18.8275390477792,1
"Midnights",FALSE,2022-10-21,16,"Sweet Nothing (Piano Remix)",NA,NA,TRUE,NA,NA,2022-10-21,NA,NA,NA,NA,NA,NA,NA,NA,NA,NA,NA,NA,NA,NA,NA,NA,NA,0,-Inf,0
"Midnights",FALSE,2022-10-21,22,"Snow On The Beach (More Lana Del Rey)","Taylor Swift","Lana Del Rey",TRUE,NA,NA,2023-05-26,0.664,0.401,6,-10.934,0,0.0344,0.806,3.5e-06,0.108,0.315,109.846,4,229943,TRUE,"F#","minor","F# minor",0,-Inf,0
"Midnights",FALSE,2022-10-21,23,"Karma (Remix)","Taylor Swift","Ice Spice",TRUE,NA,NA,2023-05-26,0.615,0.616,8,-6.523,1,0.0622,0.0623,0,0.579,0.0734,89.977,4,201493,TRUE,"G#","major","G# major",79199767,18.1874839148611,0
"Midnights",FALSE,2022-10-21,19,"You're Losing Me (From The Vault)",NA,NA,TRUE,NA,NA,2023-05-26,NA,NA,NA,NA,NA,NA,NA,NA,NA,NA,NA,NA,NA,NA,NA,NA,NA,131773671,18.6965963952819,1
"The Taylor Swift Holiday Collection",TRUE,2007-10-14,1,"Last Christmas","Taylor Swift",NA,FALSE,NA,NA,2007-10-14,0.702,0.77,5,-5.319,1,0.0372,0.31,0,0.149,0.685,116.009,4,208253,FALSE,"F","major","F major",29878596,17.2126529291731,0
"The Taylor Swift Holiday Collection",TRUE,2007-10-14,2,"Christmases When You Were Mine","Taylor Swift",NA,FALSE,NA,NA,2007-10-14,0.625,0.206,7,-12.568,1,0.0285,0.646,0,0.0915,0.392,79.466,4,184253,FALSE,"G","major","G major",7090920,15.7743256503159,0
"The Taylor Swift Holiday Collection",TRUE,2007-10-14,3,"Santa Baby","Taylor Swift",NA,FALSE,NA,NA,2007-10-14,0.759,0.509,5,-6.593,1,0.0271,0.159,0,0.153,0.75,107.948,4,158600,FALSE,"F","major","F major",11455602,16.2539894259589,0
"The Taylor Swift Holiday Collection",TRUE,2007-10-14,4,"Silent Night","Taylor Swift",NA,FALSE,NA,NA,2007-10-14,0.423,0.311,7,-7.581,1,0.0319,0.621,0,0.0987,0.134,119.546,3,209893,FALSE,"G","major","G major",5465924,15.5140437412388,0
"The Taylor Swift Holiday Collection",TRUE,2007-10-14,5,"Christmas Must Be Something More","Taylor Swift",NA,FALSE,NA,NA,2007-10-14,0.689,0.793,7,-4.838,1,0.0356,0.298,0,0.107,0.506,122.879,4,232147,FALSE,"G","major","G major",6517594,15.6900158473939,0
"The Taylor Swift Holiday Collection",TRUE,2007-10-14,6,"White Christmas","Taylor Swift",NA,FALSE,NA,NA,2007-10-14,0.562,0.392,9,-9.014,1,0.0287,0.587,0,0.224,0.514,145.792,4,154000,FALSE,"A","major","A major",5872393,15.5857727748298,0
"Beautiful Eyes",TRUE,2008-07-15,1,"Beautiful Eyes",NA,NA,FALSE,NA,NA,2008-07-15,NA,NA,NA,NA,NA,NA,NA,NA,NA,NA,NA,NA,NA,NA,NA,NA,NA,0,-Inf,0
"Beautiful Eyes",TRUE,2008-07-15,2,"Should've Said No (Alternate Version)",NA,NA,FALSE,NA,NA,2008-07-15,NA,NA,NA,NA,NA,NA,NA,NA,NA,NA,NA,NA,NA,NA,NA,NA,NA,0,-Inf,0
"Beautiful Eyes",TRUE,2008-07-15,3,"Teardrops On My Guitar (Acoustic Version)",NA,NA,FALSE,NA,NA,2008-07-15,NA,NA,NA,NA,NA,NA,NA,NA,NA,NA,NA,NA,NA,NA,NA,NA,NA,0,-Inf,0
"Beautiful Eyes",TRUE,2008-07-15,4,"Picture To Burn (Radio Edit)",NA,NA,FALSE,NA,NA,2008-07-15,NA,NA,NA,NA,NA,NA,NA,NA,NA,NA,NA,NA,NA,NA,NA,NA,NA,0,-Inf,0
"Beautiful Eyes",TRUE,2008-07-15,5,"I'm Only Me When I'm With You",NA,NA,FALSE,NA,NA,2008-07-15,NA,NA,NA,NA,NA,NA,NA,NA,NA,NA,NA,NA,NA,NA,NA,NA,NA,0,-Inf,0
"Beautiful Eyes",TRUE,2008-07-15,6,"I Heart ?",NA,NA,FALSE,2008-06-23,NA,2008-06-23,NA,NA,NA,NA,NA,NA,NA,NA,NA,NA,NA,NA,NA,NA,NA,NA,NA,0,-Inf,0
NA,NA,NA,NA,"All Of The Girls You Loved Before","Taylor Swift",NA,NA,2023-03-17,NA,2023-03-17,0.718,0.467,2,-9.66,1,0.0398,0.707,6.92e-05,0.126,0.396,95.96,3,221407,FALSE,"D","major","D major",314448827,19.566331908624,1
NA,NA,NA,NA,"American Girl",NA,NA,NA,2009-06-30,NA,2009-06-30,NA,NA,NA,NA,NA,NA,NA,NA,NA,NA,NA,NA,NA,NA,NA,NA,NA,0,-Inf,0
NA,NA,NA,NA,"Bad Blood (Remix)","Taylor Swift","Kendrick Lamar",NA,NA,2015-05-17,2015-05-17,0.654,0.655,11,-7.388,0,0.106,0.0294,0,0.139,0.221,170.16,4,200107,FALSE,"B","minor","B minor",0,-Inf,0
NA,NA,NA,NA,"Beautiful Ghosts","Taylor Swift",NA,NA,2019-11-15,NA,2019-11-15,0.382,0.219,4,-10.068,1,0.0677,0.85,0,0.0954,0.222,175.561,3,261053,FALSE,"E","major","E major",0,-Inf,0
NA,NA,NA,NA,"Carolina","Taylor Swift",NA,NA,2022-06-24,NA,2022-06-24,0.476,0.189,11,-13.777,0,0.0329,0.904,4.52e-06,0.254,0.324,115.851,4,264439,FALSE,"B","minor","B minor",0,-Inf,0
NA,NA,NA,NA,"Christmas Tree Farm","Taylor Swift",NA,NA,NA,2019-12-06,2019-12-06,0.598,0.68,7,-4.505,1,0.0331,0.06,0,0.324,0.437,134.002,4,228027,FALSE,"G","major","G major",0,-Inf,0
NA,NA,NA,NA,"Crazier","Taylor Swift",NA,NA,2009-03-20,NA,2009-03-20,0.452,0.544,4,-5.423,1,0.0277,0.0631,5.33e-06,0.104,0.158,133.042,3,191947,FALSE,"E","major","E major",0,-Inf,0
NA,NA,NA,NA,"Eyes Open (Taylor's Version)","Taylor Swift",NA,NA,2023-03-17,NA,2023-03-17,0.566,0.764,7,-6.994,1,0.0356,0.000752,0.000787,0.184,0.238,137.019,4,243264,FALSE,"G","major","G major",0,-Inf,0
NA,NA,NA,NA,"Eyes Open","Taylor Swift",NA,NA,NA,2012-03-27,2012-03-27,0.598,0.724,7,-7.226,1,0.0344,0.00667,0.00187,0.0839,0.299,137.116,4,244587,FALSE,"G","major","G major",0,-Inf,0
NA,NA,NA,NA,"I Don't Wanna Live Forever","ZAYN","Taylor Swift",NA,NA,2016-12-09,2016-12-09,0.734,0.442,0,-8.432,1,0.0557,0.0594,1.63e-05,0.213,0.0973,117.967,4,245653,FALSE,"C","major","C major",0,-Inf,0
NA,NA,NA,NA,"If This Was A Movie (Taylor's Version)","Taylor Swift",NA,NA,2023-03-17,NA,2023-03-17,0.473,0.66,4,-4.737,1,0.0275,0.105,0,0.225,0.29,147.895,4,237022,FALSE,"E","major","E major",0,-Inf,0
NA,NA,NA,NA,"Lover (Remix)","Taylor Swift","Shawn Mendes",NA,2019-11-13,NA,2019-11-13,0.448,0.603,7,-7.176,1,0.064,0.433,0,0.0862,0.422,205.272,3,221307,FALSE,"G","major","G major",0,-Inf,0
NA,NA,NA,NA,"Only The Young","Taylor Swift",NA,NA,2020-01-31,NA,2020-01-31,0.56,0.78,5,-4.895,0,0.0517,0.00244,0,0.0714,0.602,93.516,4,157507,FALSE,"F","minor","F minor",0,-Inf,0
NA,NA,NA,NA,"Ronan","Taylor Swift",NA,NA,NA,2012-09-08,2012-09-08,0.565,0.255,0,-10.152,1,0.0314,0.646,0,0.127,0.174,57.964,4,265307,FALSE,"C","major","C major",0,-Inf,0
NA,NA,NA,NA,"Safe & Sound (Taylor's Version)","Taylor Swift","Joy Williams, John Paul White",NA,2023-03-17,NA,2023-03-17,0.406,0.322,7,-10.953,1,0.0279,0.771,3.77e-06,0.0736,0.244,144.641,4,239668,FALSE,"G","major","G major",0,-Inf,0
NA,NA,NA,NA,"Safe & Sound","Taylor Swift","The Civil Wars",NA,2011-12-26,NA,2011-12-26,0.471,0.3,7,-10.807,1,0.028,0.883,1.05e-05,0.0698,0.289,144.319,4,240067,FALSE,"G","major","G major",0,-Inf,0
NA,NA,NA,NA,"September","Taylor Swift",NA,NA,2018-04-13,NA,2018-04-13,0.641,0.444,6,-6.482,1,0.0239,0.412,0.00121,0.179,0.588,107.081,4,187824,FALSE,"F#","major","F# major",0,-Inf,0
NA,NA,NA,NA,"Sweeter Than Fiction","Taylor Swift",NA,NA,2013-10-21,NA,2013-10-21,0.71,0.614,6,-6.965,1,0.0366,0.00164,0.000154,0.0785,0.673,135.012,4,237640,FALSE,"F#","major","F# major",0,-Inf,0
NA,NA,NA,NA,"Today Was A Fairytale","Taylor Swift",NA,NA,2010-01-19,NA,2010-01-19,0.491,0.703,7,-4.5,1,0.0319,0.0307,5.72e-06,0.167,0.344,157.988,4,242480,FALSE,"G","major","G major",0,-Inf,0
NA,NA,NA,NA,"Babe","Sugarland","Taylor Swift",NA,NA,2018-04-20,2018-04-20,0.535,0.777,4,-3.292,1,0.207,0.0187,1.62e-06,0.136,0.664,171.72,4,215107,FALSE,"E","major","E major",0,-Inf,0
NA,NA,NA,NA,"Birch","Big Red Machine","Taylor Swift",NA,NA,2021-08-27,2021-08-27,0.644,0.639,8,-13.545,1,0.0466,0.889,0.143,0.0993,0.255,92.012,4,330067,TRUE,"G#","major","G# major",0,-Inf,0
NA,NA,NA,NA,"Both Of Us","B.o.B","Taylor Swift",NA,NA,2012-05-22,2012-05-22,0.677,0.722,7,-7.088,1,0.0522,0.0213,0,0.207,0.0483,125.091,4,216120,TRUE,"G","major","G major",0,-Inf,0
NA,NA,NA,NA,"Gasoline (Remix)","HAIM","Taylor Swift",NA,NA,2021-02-19,2021-02-19,0.658,0.717,1,-4.257,0,0.0633,0.0846,0.0022,0.12,0.595,133.074,4,193373,FALSE,"C#","minor","C# minor",0,-Inf,0
NA,NA,NA,NA,"Half Of My Heart","John Mayer",NA,NA,NA,2010-06-21,2010-06-21,0.681,0.593,5,-9.327,1,0.0251,0.435,0.000117,0.106,0.731,115.058,4,250373,FALSE,"F","major","F major",0,-Inf,0
NA,NA,NA,NA,"Highway Don't Care","Tim McGraw","Taylor Swift, Keith Urban",NA,NA,2013-03-25,2013-03-25,0.47,0.79,2,-5.352,1,0.039,0.0216,0,0.0863,0.495,158.061,4,276880,FALSE,"D","major","D major",0,-Inf,0
NA,NA,NA,NA,"Renegade","Big Red Machine","Taylor Swift",NA,NA,2021-07-02,2021-07-02,0.532,0.708,0,-8.121,1,0.0505,0.435,0.0236,0.107,0.586,167.977,4,254467,TRUE,"C","major","C major",0,-Inf,0
NA,NA,NA,NA,"The Alcott","The National","Taylor Swift",NA,NA,2023-04-28,2023-04-28,0.368,0.463,0,-10.595,1,0.0302,0.811,0.0017,0.109,0.447,156.008,3,267773,FALSE,"C","major","C major",0,-Inf,0
NA,NA,NA,NA,"The Joker And The Queen","Ed Sheeran","Taylor Swift",NA,NA,2022-02-11,2022-02-11,0.528,0.309,0,-7.398,1,0.0329,0.924,2.1e-06,0.282,0.307,133.83,4,185422,FALSE,"C","major","C major",0,-Inf,0
NA,NA,NA,NA,"Three Sad Virgins",NA,NA,NA,2021-11-13,NA,2021-11-13,NA,NA,NA,NA,NA,NA,NA,NA,NA,NA,NA,NA,NA,NA,NA,NA,NA,0,-Inf,0
NA,NA,NA,NA,"Two Is Better Than One","BOYS LIKE GIRLS","Taylor Swift",NA,NA,2009-10-19,2009-10-19,0.521,0.702,0,-5.189,1,0.0331,0.189,0,0.0962,0.25,127.976,4,242840,FALSE,"C","major","C major",0,-Inf,0
